file,line,type,commit,author,date,time,timezone,datetime,depth,length
styles.css,1,css,0f73d864,Felix Yu,2026-04-03,16:39:44,-07:00,2026-04-03T16:39:44-07:00,0,4
styles.css,2,css,8989fe4e,Felix Yu,2026-04-23,15:42:03,-07:00,2026-04-23T15:42:03-07:00,2,23
styles.css,3,css,8989fe4e,Felix Yu,2026-04-23,15:42:03,-07:00,2026-04-23T15:42:03-07:00,2,15
styles.css,4,css,8989fe4e,Felix Yu,2026-04-23,15:42:03,-07:00,2026-04-23T15:42:03-07:00,2,18
styles.css,5,css,8989fe4e,Felix Yu,2026-04-23,15:42:03,-07:00,2026-04-23T15:42:03-07:00,2,12
styles.css,6,css,70f10044,Felix Yu,2026-04-10,13:30:49,-07:00,2026-04-10T13:30:49-07:00,0,0
styles.css,7,css,70f10044,Felix Yu,2026-04-10,13:30:49,-07:00,2026-04-10T13:30:49-07:00,0,0
styles.css,8,css,70f10044,Felix Yu,2026-04-10,13:30:49,-07:00,2026-04-10T13:30:49-07:00,0,5
styles.css,9,css,70f10044,Felix Yu,2026-04-10,13:30:49,-07:00,2026-04-10T13:30:49-07:00,2,31
styles.css,10,css,70f10044,Felix Yu,2026-04-10,13:30:49,-07:00,2026-04-10T13:30:49-07:00,0,0
styles.css,11,css,70f10044,Felix Yu,2026-04-10,13:30:49,-07:00,2026-04-10T13:30:49-07:00,0,0
styles.css,12,css,70f10044,Felix Yu,2026-04-10,13:30:49,-07:00,2026-04-10T13:30:49-07:00,0,4
styles.css,13,css,70f10044,Felix Yu,2026-04-10,13:30:49,-07:00,2026-04-10T13:30:49-07:00,2,32
styles.css,14,css,0f73d864,Felix Yu,2026-04-03,16:39:44,-07:00,2026-04-03T16:39:44-07:00,0,0
styles.css,15,css,6be99877,Felix Yu,2026-04-10,13:31:29,-07:00,2026-04-10T13:31:29-07:00,0,0
styles.css,16,css,6be99877,Felix Yu,2026-04-10,13:31:29,-07:00,2026-04-10T13:31:29-07:00,0,3
styles.css,17,css,6be99877,Felix Yu,2026-04-10,13:31:29,-07:00,2026-04-10T13:31:29-07:00,2,12
styles.css,18,css,6be99877,Felix Yu,2026-04-10,13:31:29,-07:00,2026-04-10T13:31:29-07:00,2,9
styles.css,19,css,6be99877,Felix Yu,2026-04-10,13:31:29,-07:00,2026-04-10T13:31:29-07:00,2,41
styles.css,20,css,6be99877,Felix Yu,2026-04-10,13:31:29,-07:00,2026-04-10T13:31:29-07:00,2,17
styles.css,21,css,6be99877,Felix Yu,2026-04-10,13:31:29,-07:00,2026-04-10T13:31:29-07:00,0,0
styles.css,22,css,6be99877,Felix Yu,2026-04-10,13:31:29,-07:00,2026-04-10T13:31:29-07:00,0,0
styles.css,23,css,6be99877,Felix Yu,2026-04-10,13:31:29,-07:00,2026-04-10T13:31:29-07:00,0,5
styles.css,24,css,6be99877,Felix Yu,2026-04-10,13:31:29,-07:00,2026-04-10T13:31:29-07:00,2,6
styles.css,25,css,6be99877,Felix Yu,2026-04-10,13:31:29,-07:00,2026-04-10T13:31:29-07:00,2,20
styles.css,26,css,6be99877,Felix Yu,2026-04-10,13:31:29,-07:00,2026-04-10T13:31:29-07:00,2,13
styles.css,27,css,6be99877,Felix Yu,2026-04-10,13:31:29,-07:00,2026-04-10T13:31:29-07:00,2,17
styles.css,28,css,6be99877,Felix Yu,2026-04-10,13:31:29,-07:00,2026-04-10T13:31:29-07:00,2,13
styles.css,29,css,6be99877,Felix Yu,2026-04-10,13:31:29,-07:00,2026-04-10T13:31:29-07:00,0,0
styles.css,30,css,6be99877,Felix Yu,2026-04-10,13:31:29,-07:00,2026-04-10T13:31:29-07:00,0,0
styles.css,31,css,8989fe4e,Felix Yu,2026-04-23,15:42:03,-07:00,2026-04-23T15:42:03-07:00,0,0
styles.css,32,css,6be99877,Felix Yu,2026-04-10,13:31:29,-07:00,2026-04-10T13:31:29-07:00,0,13
styles.css,33,css,791c1471,Felix Yu,2026-04-17,11:20:29,-07:00,2026-04-17T11:20:29-07:00,2,45
styles.css,34,css,6be99877,Felix Yu,2026-04-10,13:31:29,-07:00,2026-04-10T13:31:29-07:00,0,0
styles.css,35,css,6be99877,Felix Yu,2026-04-10,13:31:29,-07:00,2026-04-10T13:31:29-07:00,0,0
styles.css,36,css,6be99877,Felix Yu,2026-04-10,13:31:29,-07:00,2026-04-10T13:31:29-07:00,0,11
styles.css,37,css,6be99877,Felix Yu,2026-04-10,13:31:29,-07:00,2026-04-10T13:31:29-07:00,2,45
styles.css,38,css,6be99877,Felix Yu,2026-04-10,13:31:29,-07:00,2026-04-10T13:31:29-07:00,2,57
styles.css,39,css,6be99877,Felix Yu,2026-04-10,13:31:29,-07:00,2026-04-10T13:31:29-07:00,0,0
styles.css,40,css,f01593ba,Felix Yu,2026-04-10,13:32:13,-07:00,2026-04-10T13:32:13-07:00,0,0
styles.css,41,css,f01593ba,Felix Yu,2026-04-10,13:32:13,-07:00,2026-04-10T13:32:13-07:00,0,4
styles.css,42,css,f01593ba,Felix Yu,2026-04-10,13:32:13,-07:00,2026-04-10T13:32:13-07:00,2,12
styles.css,43,css,f01593ba,Felix Yu,2026-04-10,13:32:13,-07:00,2026-04-10T13:32:13-07:00,2,30
styles.css,44,css,f01593ba,Felix Yu,2026-04-10,13:32:13,-07:00,2026-04-10T13:32:13-07:00,2,7
styles.css,45,css,f01593ba,Felix Yu,2026-04-10,13:32:13,-07:00,2026-04-10T13:32:13-07:00,0,0
styles.css,46,css,f01593ba,Felix Yu,2026-04-10,13:32:13,-07:00,2026-04-10T13:32:13-07:00,0,0
styles.css,47,css,f01593ba,Felix Yu,2026-04-10,13:32:13,-07:00,2026-04-10T13:32:13-07:00,0,10
styles.css,48,css,f01593ba,Felix Yu,2026-04-10,13:32:13,-07:00,2026-04-10T13:32:13-07:00,2,12
styles.css,49,css,f01593ba,Felix Yu,2026-04-10,13:32:13,-07:00,2026-04-10T13:32:13-07:00,2,29
styles.css,50,css,f01593ba,Felix Yu,2026-04-10,13:32:13,-07:00,2026-04-10T13:32:13-07:00,2,18
styles.css,51,css,f01593ba,Felix Yu,2026-04-10,13:32:13,-07:00,2026-04-10T13:32:13-07:00,0,0
styles.css,52,css,f01593ba,Felix Yu,2026-04-10,13:32:13,-07:00,2026-04-10T13:32:13-07:00,0,0
styles.css,53,css,f01593ba,Felix Yu,2026-04-10,13:32:13,-07:00,2026-04-10T13:32:13-07:00,0,23
styles.css,54,css,f01593ba,Felix Yu,2026-04-10,13:32:13,-07:00,2026-04-10T13:32:13-07:00,2,12
styles.css,55,css,f01593ba,Felix Yu,2026-04-10,13:32:13,-07:00,2026-04-10T13:32:13-07:00,2,10
styles.css,56,css,f01593ba,Felix Yu,2026-04-10,13:32:13,-07:00,2026-04-10T13:32:13-07:00,2,21
styles.css,57,css,f01593ba,Felix Yu,2026-04-10,13:32:13,-07:00,2026-04-10T13:32:13-07:00,0,0
styles.css,58,css,f01593ba,Felix Yu,2026-04-10,13:32:13,-07:00,2026-04-10T13:32:13-07:00,0,0
styles.css,59,css,f01593ba,Felix Yu,2026-04-10,13:32:13,-07:00,2026-04-10T13:32:13-07:00,0,6
styles.css,60,css,8989fe4e,Felix Yu,2026-04-23,15:42:03,-07:00,2026-04-23T15:42:03-07:00,2,18
styles.css,61,css,f01593ba,Felix Yu,2026-04-10,13:32:13,-07:00,2026-04-10T13:32:13-07:00,0,0
styles.css,62,css,f01593ba,Felix Yu,2026-04-10,13:32:13,-07:00,2026-04-10T13:32:13-07:00,0,0
styles.css,63,css,f01593ba,Felix Yu,2026-04-10,13:32:13,-07:00,2026-04-10T13:32:13-07:00,0,0
styles.css,64,css,f01593ba,Felix Yu,2026-04-10,13:32:13,-07:00,2026-04-10T13:32:13-07:00,0,9
styles.css,65,css,f01593ba,Felix Yu,2026-04-10,13:32:13,-07:00,2026-04-10T13:32:13-07:00,2,12
styles.css,66,css,f01593ba,Felix Yu,2026-04-10,13:32:13,-07:00,2026-04-10T13:32:13-07:00,2,58
styles.css,67,css,f01593ba,Felix Yu,2026-04-10,13:32:13,-07:00,2026-04-10T13:32:13-07:00,2,7
styles.css,68,css,f01593ba,Felix Yu,2026-04-10,13:32:13,-07:00,2026-04-10T13:32:13-07:00,0,0
styles.css,69,css,f01593ba,Felix Yu,2026-04-10,13:32:13,-07:00,2026-04-10T13:32:13-07:00,0,0
styles.css,70,css,f01593ba,Felix Yu,2026-04-10,13:32:13,-07:00,2026-04-10T13:32:13-07:00,0,17
styles.css,71,css,f01593ba,Felix Yu,2026-04-10,13:32:13,-07:00,2026-04-10T13:32:13-07:00,2,12
styles.css,72,css,f01593ba,Felix Yu,2026-04-10,13:32:13,-07:00,2026-04-10T13:32:13-07:00,2,26
styles.css,73,css,8989fe4e,Felix Yu,2026-04-23,15:42:03,-07:00,2026-04-23T15:42:03-07:00,2,15
styles.css,74,css,f01593ba,Felix Yu,2026-04-10,13:32:13,-07:00,2026-04-10T13:32:13-07:00,0,0
styles.css,75,css,f01593ba,Felix Yu,2026-04-10,13:32:13,-07:00,2026-04-10T13:32:13-07:00,0,0
styles.css,76,css,f01593ba,Felix Yu,2026-04-10,13:32:13,-07:00,2026-04-10T13:32:13-07:00,0,2
styles.css,77,css,f01593ba,Felix Yu,2026-04-10,13:32:13,-07:00,2026-04-10T13:32:13-07:00,2,14
styles.css,78,css,f01593ba,Felix Yu,2026-04-10,13:32:13,-07:00,2026-04-10T13:32:13-07:00,2,15
styles.css,79,css,f01593ba,Felix Yu,2026-04-10,13:32:13,-07:00,2026-04-10T13:32:13-07:00,2,17
styles.css,80,css,f01593ba,Felix Yu,2026-04-10,13:32:13,-07:00,2026-04-10T13:32:13-07:00,0,0
styles.css,81,css,f01593ba,Felix Yu,2026-04-10,13:32:13,-07:00,2026-04-10T13:32:13-07:00,0,0
styles.css,82,css,f01593ba,Felix Yu,2026-04-10,13:32:13,-07:00,2026-04-10T13:32:13-07:00,0,14
styles.css,83,css,f01593ba,Felix Yu,2026-04-10,13:32:13,-07:00,2026-04-10T13:32:13-07:00,2,15
styles.css,84,css,f01593ba,Felix Yu,2026-04-10,13:32:13,-07:00,2026-04-10T13:32:13-07:00,2,17
styles.css,85,css,f01593ba,Felix Yu,2026-04-10,13:32:13,-07:00,2026-04-10T13:32:13-07:00,0,0
styles.css,86,css,a2ca78ed,Felix Yu,2026-04-16,16:35:28,-07:00,2026-04-16T16:35:28-07:00,0,0
styles.css,87,css,a2ca78ed,Felix Yu,2026-04-16,16:35:28,-07:00,2026-04-16T16:35:28-07:00,0,13
styles.css,88,css,a2ca78ed,Felix Yu,2026-04-16,16:35:28,-07:00,2026-04-16T16:35:28-07:00,2,17
styles.css,89,css,a2ca78ed,Felix Yu,2026-04-16,16:35:28,-07:00,2026-04-16T16:35:28-07:00,2,8
styles.css,90,css,a2ca78ed,Felix Yu,2026-04-16,16:35:28,-07:00,2026-04-16T16:35:28-07:00,2,10
styles.css,91,css,a2ca78ed,Felix Yu,2026-04-16,16:35:28,-07:00,2026-04-16T16:35:28-07:00,2,13
styles.css,92,css,a2ca78ed,Felix Yu,2026-04-16,16:35:28,-07:00,2026-04-16T16:35:28-07:00,2,19
styles.css,93,css,a2ca78ed,Felix Yu,2026-04-16,16:35:28,-07:00,2026-04-16T16:35:28-07:00,0,0
styles.css,94,css,a2ca78ed,Felix Yu,2026-04-16,16:35:28,-07:00,2026-04-16T16:35:28-07:00,0,0
styles.css,95,css,a2ca78ed,Felix Yu,2026-04-16,16:35:28,-07:00,2026-04-16T16:35:28-07:00,0,4
styles.css,96,css,a2ca78ed,Felix Yu,2026-04-16,16:35:28,-07:00,2026-04-16T16:35:28-07:00,2,23
styles.css,97,css,a2ca78ed,Felix Yu,2026-04-16,16:35:28,-07:00,2026-04-16T16:35:28-07:00,0,0
styles.css,98,css,a2ca78ed,Felix Yu,2026-04-16,16:35:28,-07:00,2026-04-16T16:35:28-07:00,0,0
styles.css,99,css,a2ca78ed,Felix Yu,2026-04-16,16:35:28,-07:00,2026-04-16T16:35:28-07:00,0,3
styles.css,100,css,a2ca78ed,Felix Yu,2026-04-16,16:35:28,-07:00,2026-04-16T16:35:28-07:00,2,39
styles.css,101,css,a2ca78ed,Felix Yu,2026-04-16,16:35:28,-07:00,2026-04-16T16:35:28-07:00,2,43
styles.css,102,css,a2ca78ed,Felix Yu,2026-04-16,16:35:28,-07:00,2026-04-16T16:35:28-07:00,0,0
styles.css,103,css,9df47b5f,Felix Yu,2026-04-17,11:06:16,-07:00,2026-04-17T11:06:16-07:00,0,0
styles.css,104,css,9df47b5f,Felix Yu,2026-04-17,11:06:16,-07:00,2026-04-17T11:06:16-07:00,0,31
styles.css,105,css,9df47b5f,Felix Yu,2026-04-17,11:06:16,-07:00,2026-04-17T11:06:16-07:00,2,12
styles.css,106,css,9df47b5f,Felix Yu,2026-04-17,11:06:16,-07:00,2026-04-17T11:06:16-07:00,0,0
styles.css,107,css,791c1471,Felix Yu,2026-04-17,11:20:29,-07:00,2026-04-17T11:20:29-07:00,0,0
styles.css,108,css,8989fe4e,Felix Yu,2026-04-23,15:42:03,-07:00,2026-04-23T15:42:03-07:00,0,17
styles.css,109,css,8989fe4e,Felix Yu,2026-04-23,15:42:03,-07:00,2026-04-23T15:42:03-07:00,2,12
styles.css,110,css,8989fe4e,Felix Yu,2026-04-23,15:42:03,-07:00,2026-04-23T15:42:03-07:00,2,36
styles.css,111,css,8989fe4e,Felix Yu,2026-04-23,15:42:03,-07:00,2026-04-23T15:42:03-07:00,2,17
styles.css,112,css,8989fe4e,Felix Yu,2026-04-23,15:42:03,-07:00,2026-04-23T15:42:03-07:00,2,8
styles.css,113,css,8989fe4e,Felix Yu,2026-04-23,15:42:03,-07:00,2026-04-23T15:42:03-07:00,0,0
styles.css,114,css,8989fe4e,Felix Yu,2026-04-23,15:42:03,-07:00,2026-04-23T15:42:03-07:00,0,0
styles.css,115,css,8989fe4e,Felix Yu,2026-04-23,15:42:03,-07:00,2026-04-23T15:42:03-07:00,0,17
styles.css,116,css,8989fe4e,Felix Yu,2026-04-23,15:42:03,-07:00,2026-04-23T15:42:03-07:00,2,10
styles.css,117,css,8989fe4e,Felix Yu,2026-04-23,15:42:03,-07:00,2026-04-23T15:42:03-07:00,2,16
styles.css,118,css,8989fe4e,Felix Yu,2026-04-23,15:42:03,-07:00,2026-04-23T15:42:03-07:00,2,31
styles.css,119,css,8989fe4e,Felix Yu,2026-04-23,15:42:03,-07:00,2026-04-23T15:42:03-07:00,2,24
styles.css,120,css,8989fe4e,Felix Yu,2026-04-23,15:42:03,-07:00,2026-04-23T15:42:03-07:00,2,16
styles.css,121,css,8989fe4e,Felix Yu,2026-04-23,15:42:03,-07:00,2026-04-23T15:42:03-07:00,0,0
styles.css,122,css,8989fe4e,Felix Yu,2026-04-23,15:42:03,-07:00,2026-04-23T15:42:03-07:00,0,0
styles.css,123,css,8989fe4e,Felix Yu,2026-04-23,15:42:03,-07:00,2026-04-23T15:42:03-07:00,0,17
styles.css,124,css,8989fe4e,Felix Yu,2026-04-23,15:42:03,-07:00,2026-04-23T15:42:03-07:00,2,10
styles.css,125,css,8989fe4e,Felix Yu,2026-04-23,15:42:03,-07:00,2026-04-23T15:42:03-07:00,2,8
styles.css,126,css,8989fe4e,Felix Yu,2026-04-23,15:42:03,-07:00,2026-04-23T15:42:03-07:00,2,16
styles.css,127,css,8989fe4e,Felix Yu,2026-04-23,15:42:03,-07:00,2026-04-23T15:42:03-07:00,0,0
styles.css,128,css,4f39182d,Felix Yu,2026-04-30,13:17:20,-07:00,2026-04-30T13:17:20-07:00,0,0
styles.css,129,css,4f39182d,Felix Yu,2026-04-30,13:17:20,-07:00,2026-04-30T13:17:20-07:00,0,13
styles.css,130,css,4f39182d,Felix Yu,2026-04-30,13:17:20,-07:00,2026-04-30T13:17:20-07:00,1,43
styles.css,131,css,4f39182d,Felix Yu,2026-04-30,13:17:20,-07:00,2026-04-30T13:17:20-07:00,1,34
styles.css,132,css,4f39182d,Felix Yu,2026-04-30,13:17:20,-07:00,2026-04-30T13:17:20-07:00,1,17
styles.css,133,css,4f39182d,Felix Yu,2026-04-30,13:17:20,-07:00,2026-04-30T13:17:20-07:00,1,47
styles.css,134,css,4f39182d,Felix Yu,2026-04-30,13:17:20,-07:00,2026-04-30T13:17:20-07:00,1,17
styles.css,135,css,4f39182d,Felix Yu,2026-04-30,13:17:20,-07:00,2026-04-30T13:17:20-07:00,1,13
styles.css,136,css,4f39182d,Felix Yu,2026-04-30,13:17:20,-07:00,2026-04-30T13:17:20-07:00,0,0
styles.css,137,css,4f39182d,Felix Yu,2026-04-30,13:17:20,-07:00,2026-04-30T13:17:20-07:00,0,0
styles.css,138,css,4f39182d,Felix Yu,2026-04-30,13:17:20,-07:00,2026-04-30T13:17:20-07:00,0,20
styles.css,139,css,4f39182d,Felix Yu,2026-04-30,13:17:20,-07:00,2026-04-30T13:17:20-07:00,1,12
styles.css,140,css,4f39182d,Felix Yu,2026-04-30,13:17:20,-07:00,2026-04-30T13:17:20-07:00,1,21
styles.css,141,css,4f39182d,Felix Yu,2026-04-30,13:17:20,-07:00,2026-04-30T13:17:20-07:00,1,10
styles.css,142,css,4f39182d,Felix Yu,2026-04-30,13:17:20,-07:00,2026-04-30T13:17:20-07:00,0,0
styles.css,143,css,5a4bb0da,Felix Yu,2026-04-30,14:00:50,-07:00,2026-04-30T14:00:50-07:00,0,0
styles.css,144,css,cbf1e462,Felix Yu,2026-04-30,14:43:11,-07:00,2026-04-30T14:43:11-07:00,0,10
styles.css,145,css,cbf1e462,Felix Yu,2026-04-30,14:43:11,-07:00,2026-04-30T14:43:11-07:00,2,12
styles.css,146,css,2066dcdf,Felix Yu,2026-04-30,19:45:26,-07:00,2026-04-30T19:45:26-07:00,2,61
styles.css,147,css,2066dcdf,Felix Yu,2026-04-30,19:45:26,-07:00,2026-04-30T19:45:26-07:00,2,18
styles.css,148,css,2066dcdf,Felix Yu,2026-04-30,19:45:26,-07:00,2026-04-30T19:45:26-07:00,2,7
styles.css,149,css,cbf1e462,Felix Yu,2026-04-30,14:43:11,-07:00,2026-04-30T14:43:11-07:00,2,16
styles.css,150,css,cbf1e462,Felix Yu,2026-04-30,14:43:11,-07:00,2026-04-30T14:43:11-07:00,0,0
styles.css,151,css,cbf1e462,Felix Yu,2026-04-30,14:43:11,-07:00,2026-04-30T14:43:11-07:00,0,0
styles.css,152,css,2066dcdf,Felix Yu,2026-04-30,19:45:26,-07:00,2026-04-30T19:45:26-07:00,0,14
styles.css,153,css,2066dcdf,Felix Yu,2026-04-30,19:45:26,-07:00,2026-04-30T19:45:26-07:00,2,63
styles.css,154,css,2066dcdf,Felix Yu,2026-04-30,19:45:26,-07:00,2026-04-30T19:45:26-07:00,2,6
styles.css,155,css,2066dcdf,Felix Yu,2026-04-30,19:45:26,-07:00,2026-04-30T19:45:26-07:00,2,14
styles.css,156,css,2066dcdf,Felix Yu,2026-04-30,19:45:26,-07:00,2026-04-30T19:45:26-07:00,2,58
styles.css,157,css,2066dcdf,Felix Yu,2026-04-30,19:45:26,-07:00,2026-04-30T19:45:26-07:00,2,14
styles.css,158,css,2066dcdf,Felix Yu,2026-04-30,19:45:26,-07:00,2026-04-30T19:45:26-07:00,2,0
styles.css,159,css,2066dcdf,Felix Yu,2026-04-30,19:45:26,-07:00,2026-04-30T19:45:26-07:00,2,11
styles.css,160,css,2066dcdf,Felix Yu,2026-04-30,19:45:26,-07:00,2026-04-30T19:45:26-07:00,2,18
styles.css,161,css,5a4bb0da,Felix Yu,2026-04-30,14:00:50,-07:00,2026-04-30T14:00:50-07:00,2,16
styles.css,162,css,5a4bb0da,Felix Yu,2026-04-30,14:00:50,-07:00,2026-04-30T14:00:50-07:00,0,0
styles.css,163,css,2066dcdf,Felix Yu,2026-04-30,19:45:26,-07:00,2026-04-30T19:45:26-07:00,0,19
styles.css,164,css,2066dcdf,Felix Yu,2026-04-30,19:45:26,-07:00,2026-04-30T19:45:26-07:00,2,16
styles.css,165,css,2066dcdf,Felix Yu,2026-04-30,19:45:26,-07:00,2026-04-30T19:45:26-07:00,2,14
styles.css,166,css,2066dcdf,Felix Yu,2026-04-30,19:45:26,-07:00,2026-04-30T19:45:26-07:00,0,0
styles.css,167,css,2066dcdf,Felix Yu,2026-04-30,19:45:26,-07:00,2026-04-30T19:45:26-07:00,0,0
styles.css,168,css,2066dcdf,Felix Yu,2026-04-30,19:45:26,-07:00,2026-04-30T19:45:26-07:00,0,47
styles.css,169,css,2066dcdf,Felix Yu,2026-04-30,19:45:26,-07:00,2026-04-30T19:45:26-07:00,2,11
styles.css,170,css,2066dcdf,Felix Yu,2026-04-30,19:45:26,-07:00,2026-04-30T19:45:26-07:00,0,0
styles.css,171,css,2066dcdf,Felix Yu,2026-04-30,19:45:26,-07:00,2026-04-30T19:45:26-07:00,0,0
styles.css,172,css,2066dcdf,Felix Yu,2026-04-30,19:45:26,-07:00,2026-04-30T19:45:26-07:00,0,25
styles.css,173,css,2066dcdf,Felix Yu,2026-04-30,19:45:26,-07:00,2026-04-30T19:45:26-07:00,2,9
styles.css,174,css,2066dcdf,Felix Yu,2026-04-30,19:45:26,-07:00,2026-04-30T19:45:26-07:00,0,0
styles.css,175,css,2066dcdf,Felix Yu,2026-04-30,19:45:26,-07:00,2026-04-30T19:45:26-07:00,0,0
styles.css,176,css,2066dcdf,Felix Yu,2026-04-30,19:45:26,-07:00,2026-04-30T19:45:26-07:00,0,9
styles.css,177,css,2066dcdf,Felix Yu,2026-04-30,19:45:26,-07:00,2026-04-30T19:45:26-07:00,2,35
styles.css,178,css,2066dcdf,Felix Yu,2026-04-30,19:45:26,-07:00,2026-04-30T19:45:26-07:00,0,0
styles.css,179,css,2066dcdf,Felix Yu,2026-04-30,19:45:26,-07:00,2026-04-30T19:45:26-07:00,0,0
styles.css,180,css,2066dcdf,Felix Yu,2026-04-30,19:45:26,-07:00,2026-04-30T19:45:26-07:00,0,18
styles.css,181,css,2066dcdf,Felix Yu,2026-04-30,19:45:26,-07:00,2026-04-30T19:45:26-07:00,2,17
styles.css,182,css,2066dcdf,Felix Yu,2026-04-30,19:45:26,-07:00,2026-04-30T19:45:26-07:00,0,0
styles.css,183,css,01da2440,Felix Yu,2026-04-30,14:39:24,-07:00,2026-04-30T14:39:24-07:00,0,0
styles.css,184,css,01da2440,Felix Yu,2026-04-30,14:39:24,-07:00,2026-04-30T14:39:24-07:00,0,7
styles.css,185,css,2066dcdf,Felix Yu,2026-04-30,19:45:26,-07:00,2026-04-30T19:45:26-07:00,2,50
styles.css,186,css,2066dcdf,Felix Yu,2026-04-30,19:45:26,-07:00,2026-04-30T19:45:26-07:00,2,6
styles.css,187,css,01da2440,Felix Yu,2026-04-30,14:39:24,-07:00,2026-04-30T14:39:24-07:00,2,12
styles.css,188,css,2066dcdf,Felix Yu,2026-04-30,19:45:26,-07:00,2026-04-30T19:45:26-07:00,2,55
styles.css,189,css,01da2440,Felix Yu,2026-04-30,14:39:24,-07:00,2026-04-30T14:39:24-07:00,2,57
styles.css,190,css,01da2440,Felix Yu,2026-04-30,14:39:24,-07:00,2026-04-30T14:39:24-07:00,2,7
styles.css,191,css,2066dcdf,Felix Yu,2026-04-30,19:45:26,-07:00,2026-04-30T19:45:26-07:00,2,13
styles.css,192,css,01da2440,Felix Yu,2026-04-30,14:39:24,-07:00,2026-04-30T14:39:24-07:00,2,21
styles.css,193,css,2066dcdf,Felix Yu,2026-04-30,19:45:26,-07:00,2026-04-30T19:45:26-07:00,2,17
styles.css,194,css,2066dcdf,Felix Yu,2026-04-30,19:45:26,-07:00,2026-04-30T19:45:26-07:00,2,15
styles.css,195,css,01da2440,Felix Yu,2026-04-30,14:39:24,-07:00,2026-04-30T14:39:24-07:00,0,0
styles.css,196,css,01da2440,Felix Yu,2026-04-30,14:39:24,-07:00,2026-04-30T14:39:24-07:00,0,0
styles.css,197,css,01da2440,Felix Yu,2026-04-30,14:39:24,-07:00,2026-04-30T14:39:24-07:00,0,12
styles.css,198,css,01da2440,Felix Yu,2026-04-30,14:39:24,-07:00,2026-04-30T14:39:24-07:00,2,12
styles.css,199,css,01da2440,Felix Yu,2026-04-30,14:39:24,-07:00,2026-04-30T14:39:24-07:00,2,18
styles.css,200,css,01da2440,Felix Yu,2026-04-30,14:39:24,-07:00,2026-04-30T14:39:24-07:00,2,9
styles.css,201,css,01da2440,Felix Yu,2026-04-30,14:39:24,-07:00,2026-04-30T14:39:24-07:00,0,0
styles.css,202,css,01da2440,Felix Yu,2026-04-30,14:39:24,-07:00,2026-04-30T14:39:24-07:00,0,0
styles.css,203,css,01da2440,Felix Yu,2026-04-30,14:39:24,-07:00,2026-04-30T14:39:24-07:00,0,7
styles.css,204,css,01da2440,Felix Yu,2026-04-30,14:39:24,-07:00,2026-04-30T14:39:24-07:00,2,11
styles.css,205,css,01da2440,Felix Yu,2026-04-30,14:39:24,-07:00,2026-04-30T14:39:24-07:00,2,12
styles.css,206,css,01da2440,Felix Yu,2026-04-30,14:39:24,-07:00,2026-04-30T14:39:24-07:00,2,29
styles.css,207,css,01da2440,Felix Yu,2026-04-30,14:39:24,-07:00,2026-04-30T14:39:24-07:00,2,17
styles.css,208,css,01da2440,Felix Yu,2026-04-30,14:39:24,-07:00,2026-04-30T14:39:24-07:00,2,20
styles.css,209,css,01da2440,Felix Yu,2026-04-30,14:39:24,-07:00,2026-04-30T14:39:24-07:00,0,0
styles.css,210,css,2066dcdf,Felix Yu,2026-04-30,19:45:26,-07:00,2026-04-30T19:45:26-07:00,0,0
styles.css,211,css,2066dcdf,Felix Yu,2026-04-30,19:45:26,-07:00,2026-04-30T19:45:26-07:00,0,10
styles.css,212,css,2066dcdf,Felix Yu,2026-04-30,19:45:26,-07:00,2026-04-30T19:45:26-07:00,2,10
styles.css,213,css,2066dcdf,Felix Yu,2026-04-30,19:45:26,-07:00,2026-04-30T19:45:26-07:00,2,14
styles.css,214,css,2066dcdf,Felix Yu,2026-04-30,19:45:26,-07:00,2026-04-30T19:45:26-07:00,2,16
styles.css,215,css,2066dcdf,Felix Yu,2026-04-30,19:45:26,-07:00,2026-04-30T19:45:26-07:00,2,21
styles.css,216,css,2066dcdf,Felix Yu,2026-04-30,19:45:26,-07:00,2026-04-30T19:45:26-07:00,2,17
styles.css,217,css,2066dcdf,Felix Yu,2026-04-30,19:45:26,-07:00,2026-04-30T19:45:26-07:00,2,16
styles.css,218,css,2066dcdf,Felix Yu,2026-04-30,19:45:26,-07:00,2026-04-30T19:45:26-07:00,0,0
index.js,1,js,ffa4b49d,Felix Yu,2026-04-23,15:39:56,-07:00,2026-04-23T15:39:56-07:00,0,71
index.js,2,js,ae07cb22,Felix Yu,2026-04-23,15:35:17,-07:00,2026-04-23T15:35:17-07:00,0,0
index.js,3,js,ae07cb22,Felix Yu,2026-04-23,15:35:17,-07:00,2026-04-23T15:35:17-07:00,0,54
index.js,4,js,ae07cb22,Felix Yu,2026-04-23,15:35:17,-07:00,2026-04-23T15:35:17-07:00,0,42
index.js,5,js,ae07cb22,Felix Yu,2026-04-23,15:35:17,-07:00,2026-04-23T15:35:17-07:00,0,60
index.js,6,js,ae07cb22,Felix Yu,2026-04-23,15:35:17,-07:00,2026-04-23T15:35:17-07:00,0,22
index.js,7,js,ae07cb22,Felix Yu,2026-04-23,15:35:17,-07:00,2026-04-23T15:35:17-07:00,2,54
index.js,8,js,ae07cb22,Felix Yu,2026-04-23,15:35:17,-07:00,2026-04-23T15:35:17-07:00,0,0
index.js,9,js,ffa4b49d,Felix Yu,2026-04-23,15:39:56,-07:00,2026-04-23T15:39:56-07:00,0,0
index.js,10,js,ffa4b49d,Felix Yu,2026-04-23,15:39:56,-07:00,2026-04-23T15:39:56-07:00,0,53
index.js,11,js,ffa4b49d,Felix Yu,2026-04-23,15:39:56,-07:00,2026-04-23T15:39:56-07:00,0,0
index.js,12,js,ffa4b49d,Felix Yu,2026-04-23,15:39:56,-07:00,2026-04-23T15:39:56-07:00,0,60
index.js,13,js,ffa4b49d,Felix Yu,2026-04-23,15:39:56,-07:00,2026-04-23T15:39:56-07:00,0,0
index.js,14,js,ffa4b49d,Felix Yu,2026-04-23,15:39:56,-07:00,2026-04-23T15:39:56-07:00,0,17
index.js,15,js,ffa4b49d,Felix Yu,2026-04-23,15:39:56,-07:00,2026-04-23T15:39:56-07:00,2,24
index.js,16,js,ffa4b49d,Felix Yu,2026-04-23,15:39:56,-07:00,2026-04-23T15:39:56-07:00,5,2
index.js,17,js,ffa4b49d,Felix Yu,2026-04-23,15:39:56,-07:00,2026-04-23T15:39:56-07:00,6,55
index.js,18,js,ffa4b49d,Felix Yu,2026-04-23,15:39:56,-07:00,2026-04-23T15:39:56-07:00,6,55
index.js,19,js,ffa4b49d,Felix Yu,2026-04-23,15:39:56,-07:00,2026-04-23T15:39:56-07:00,6,49
index.js,20,js,ffa4b49d,Felix Yu,2026-04-23,15:39:56,-07:00,2026-04-23T15:39:56-07:00,6,49
index.js,21,js,ffa4b49d,Felix Yu,2026-04-23,15:39:56,-07:00,2026-04-23T15:39:56-07:00,5,3
index.js,22,js,ffa4b49d,Felix Yu,2026-04-23,15:39:56,-07:00,2026-04-23T15:39:56-07:00,3,0
index.js,23,js,ffa4b49d,Felix Yu,2026-04-23,15:39:56,-07:00,2026-04-23T15:39:56-07:00,0,0
index.html,1,html,de272791,Felix Yu,2026-04-03,15:49:16,-07:00,2026-04-03T15:49:16-07:00,0,13
index.html,2,html,362fc1cb,Felix Yu,2026-04-23,15:46:55,-07:00,2026-04-23T15:46:55-07:00,0,34
index.html,3,html,de272791,Felix Yu,2026-04-03,15:49:16,-07:00,2026-04-03T15:49:16-07:00,2,20
index.html,4,html,de272791,Felix Yu,2026-04-03,15:49:16,-07:00,2026-04-03T15:49:16-07:00,2,68
index.html,5,html,de272791,Felix Yu,2026-04-03,15:49:16,-07:00,2026-04-03T15:49:16-07:00,2,50
index.html,6,html,37f26dcc,Felix Yu,2026-04-03,16:41:47,-07:00,2026-04-03T16:41:47-07:00,2,39
index.html,7,html,b0e8ee44,Felix Yu,2026-04-16,18:13:08,-07:00,2026-04-16T18:13:08-07:00,2,0
index.html,8,html,b0e8ee44,Felix Yu,2026-04-16,18:13:08,-07:00,2026-04-16T18:13:08-07:00,2,45
index.html,9,html,de272791,Felix Yu,2026-04-03,15:49:16,-07:00,2026-04-03T15:49:16-07:00,0,5
index.html,10,html,de272791,Felix Yu,2026-04-03,15:49:16,-07:00,2026-04-03T15:49:16-07:00,0,4
index.html,11,html,cfdc331f,Felix Yu,2026-04-10,13:34:46,-07:00,2026-04-10T13:34:46-07:00,2,4
index.html,12,html,cfdc331f,Felix Yu,2026-04-10,13:34:46,-07:00,2026-04-10T13:34:46-07:00,4,15
index.html,13,html,cfdc331f,Felix Yu,2026-04-10,13:34:46,-07:00,2026-04-10T13:34:46-07:00,4,0
index.html,14,html,cfdc331f,Felix Yu,2026-04-10,13:34:46,-07:00,2026-04-10T13:34:46-07:00,4,18
index.html,15,html,cfdc331f,Felix Yu,2026-04-10,13:34:46,-07:00,2026-04-10T13:34:46-07:00,6,89
index.html,16,html,cfdc331f,Felix Yu,2026-04-10,13:34:46,-07:00,2026-04-10T13:34:46-07:00,6,68
index.html,17,html,cfdc331f,Felix Yu,2026-04-10,13:34:46,-07:00,2026-04-10T13:34:46-07:00,4,8
index.html,18,html,cfdc331f,Felix Yu,2026-04-10,13:34:46,-07:00,2026-04-10T13:34:46-07:00,0,0
index.html,19,html,cfdc331f,Felix Yu,2026-04-10,13:34:46,-07:00,2026-04-10T13:34:46-07:00,4,20
index.html,20,html,cfdc331f,Felix Yu,2026-04-10,13:34:46,-07:00,2026-04-10T13:34:46-07:00,6,16
index.html,21,html,cfdc331f,Felix Yu,2026-04-10,13:34:46,-07:00,2026-04-10T13:34:46-07:00,6,82
index.html,22,html,cfdc331f,Felix Yu,2026-04-10,13:34:46,-07:00,2026-04-10T13:34:46-07:00,4,8
index.html,23,html,ec7630ac,Felix Yu,2026-04-23,15:36:01,-07:00,2026-04-23T15:36:01-07:00,0,0
index.html,24,html,362fc1cb,Felix Yu,2026-04-23,15:46:55,-07:00,2026-04-23T15:46:55-07:00,4,7
index.html,25,html,362fc1cb,Felix Yu,2026-04-23,15:46:55,-07:00,2026-04-23T15:46:55-07:00,6,22
index.html,26,html,362fc1cb,Felix Yu,2026-04-23,15:46:55,-07:00,2026-04-23T15:46:55-07:00,6,20
index.html,27,html,362fc1cb,Felix Yu,2026-04-23,15:46:55,-07:00,2026-04-23T15:46:55-07:00,8,4
index.html,28,html,362fc1cb,Felix Yu,2026-04-23,15:46:55,-07:00,2026-04-23T15:46:55-07:00,4,8
index.html,29,html,ec7630ac,Felix Yu,2026-04-23,15:36:01,-07:00,2026-04-23T15:36:01-07:00,4,0
index.html,30,html,362fc1cb,Felix Yu,2026-04-23,15:46:55,-07:00,2026-04-23T15:46:55-07:00,4,7
index.html,31,html,362fc1cb,Felix Yu,2026-04-23,15:46:55,-07:00,2026-04-23T15:46:55-07:00,6,22
index.html,32,html,362fc1cb,Felix Yu,2026-04-23,15:46:55,-07:00,2026-04-23T15:46:55-07:00,6,22
index.html,33,html,362fc1cb,Felix Yu,2026-04-23,15:46:55,-07:00,2026-04-23T15:46:55-07:00,8,4
index.html,34,html,362fc1cb,Felix Yu,2026-04-23,15:46:55,-07:00,2026-04-23T15:46:55-07:00,4,8
index.html,35,html,2884f146,Felix Yu,2026-04-23,15:40:50,-07:00,2026-04-23T15:40:50-07:00,0,0
index.html,36,html,362fc1cb,Felix Yu,2026-04-23,15:46:55,-07:00,2026-04-23T15:46:55-07:00,4,44
index.html,37,html,cfdc331f,Felix Yu,2026-04-10,13:34:46,-07:00,2026-04-10T13:34:46-07:00,2,5
index.html,38,html,de272791,Felix Yu,2026-04-03,15:49:16,-07:00,2026-04-03T15:49:16-07:00,0,5
index.html,39,html,de272791,Felix Yu,2026-04-03,15:49:16,-07:00,2026-04-03T15:49:16-07:00,0,5
global.js,1,js,79015ba4,Felix Yu,2026-04-16,16:33:20,-07:00,2026-04-16T16:33:20-07:00,0,25
global.js,2,js,79015ba4,Felix Yu,2026-04-16,16:33:20,-07:00,2026-04-16T16:33:20-07:00,0,0
global.js,3,js,79015ba4,Felix Yu,2026-04-16,16:33:20,-07:00,2026-04-16T16:33:20-07:00,0,41
global.js,4,js,79015ba4,Felix Yu,2026-04-16,16:33:20,-07:00,2026-04-16T16:33:20-07:00,1,52
global.js,5,js,79015ba4,Felix Yu,2026-04-16,16:33:20,-07:00,2026-04-16T16:33:20-07:00,0,0
global.js,6,js,d7f4d2b5,Felix Yu,2026-04-16,16:35:01,-07:00,2026-04-16T16:35:01-07:00,0,0
global.js,7,js,e29a3416,Felix Yu,2026-04-23,15:06:07,-07:00,2026-04-23T15:06:07-07:00,0,36
global.js,8,js,e29a3416,Felix Yu,2026-04-23,15:06:07,-07:00,2026-04-23T15:06:07-07:00,2,3
global.js,9,js,e29a3416,Felix Yu,2026-04-23,15:06:07,-07:00,2026-04-23T15:06:07-07:00,4,32
global.js,10,js,e29a3416,Felix Yu,2026-04-23,15:06:07,-07:00,2026-04-23T15:06:07-07:00,0,0
global.js,11,js,e29a3416,Felix Yu,2026-04-23,15:06:07,-07:00,2026-04-23T15:06:07-07:00,4,17
global.js,12,js,e29a3416,Felix Yu,2026-04-23,15:06:07,-07:00,2026-04-23T15:06:07-07:00,6,66
global.js,13,js,e29a3416,Felix Yu,2026-04-23,15:06:07,-07:00,2026-04-23T15:06:07-07:00,4,0
global.js,14,js,e29a3416,Felix Yu,2026-04-23,15:06:07,-07:00,2026-04-23T15:06:07-07:00,0,0
global.js,15,js,e29a3416,Felix Yu,2026-04-23,15:06:07,-07:00,2026-04-23T15:06:07-07:00,4,33
global.js,16,js,e29a3416,Felix Yu,2026-04-23,15:06:07,-07:00,2026-04-23T15:06:07-07:00,4,10
global.js,17,js,e29a3416,Felix Yu,2026-04-23,15:06:07,-07:00,2026-04-23T15:06:07-07:00,0,0
global.js,18,js,e29a3416,Felix Yu,2026-04-23,15:06:07,-07:00,2026-04-23T15:06:07-07:00,2,15
global.js,19,js,e29a3416,Felix Yu,2026-04-23,15:06:07,-07:00,2026-04-23T15:06:07-07:00,4,59
global.js,20,js,e29a3416,Felix Yu,2026-04-23,15:06:07,-07:00,2026-04-23T15:06:07-07:00,2,0
global.js,21,js,e29a3416,Felix Yu,2026-04-23,15:06:07,-07:00,2026-04-23T15:06:07-07:00,0,0
global.js,22,js,e29a3416,Felix Yu,2026-04-23,15:06:07,-07:00,2026-04-23T15:06:07-07:00,0,0
global.js,23,js,afee4994,Felix Yu,2026-04-23,15:30:59,-07:00,2026-04-23T15:30:59-07:00,0,79
global.js,24,js,afee4994,Felix Yu,2026-04-23,15:30:59,-07:00,2026-04-23T15:30:59-07:00,2,30
global.js,25,js,afee4994,Felix Yu,2026-04-23,15:30:59,-07:00,2026-04-23T15:30:59-07:00,2,0
global.js,26,js,afee4994,Felix Yu,2026-04-23,15:30:59,-07:00,2026-04-23T15:30:59-07:00,2,61
global.js,27,js,afee4994,Felix Yu,2026-04-23,15:30:59,-07:00,2026-04-23T15:30:59-07:00,2,17
global.js,28,js,afee4994,Felix Yu,2026-04-23,15:30:59,-07:00,2026-04-23T15:30:59-07:00,4,55
global.js,29,js,afee4994,Felix Yu,2026-04-23,15:30:59,-07:00,2026-04-23T15:30:59-07:00,2,0
global.js,30,js,0c3d4988,Felix Yu,2026-04-23,15:15:28,-07:00,2026-04-23T15:15:28-07:00,0,0
global.js,31,js,afee4994,Felix Yu,2026-04-23,15:30:59,-07:00,2026-04-23T15:30:59-07:00,2,29
global.js,32,js,afee4994,Felix Yu,2026-04-23,15:30:59,-07:00,2026-04-23T15:30:59-07:00,4,48
global.js,33,js,afee4994,Felix Yu,2026-04-23,15:30:59,-07:00,2026-04-23T15:30:59-07:00,4,19
global.js,34,js,afee4994,Felix Yu,2026-04-23,15:30:59,-07:00,2026-04-23T15:30:59-07:00,6,49
global.js,35,js,afee4994,Felix Yu,2026-04-23,15:30:59,-07:00,2026-04-23T15:30:59-07:00,6,49
global.js,36,js,afee4994,Felix Yu,2026-04-23,15:30:59,-07:00,2026-04-23T15:30:59-07:00,6,31
global.js,37,js,afee4994,Felix Yu,2026-04-23,15:30:59,-07:00,2026-04-23T15:30:59-07:00,8,27
global.js,38,js,afee4994,Felix Yu,2026-04-23,15:30:59,-07:00,2026-04-23T15:30:59-07:00,8,44
global.js,39,js,afee4994,Felix Yu,2026-04-23,15:30:59,-07:00,2026-04-23T15:30:59-07:00,6,4
global.js,40,js,afee4994,Felix Yu,2026-04-23,15:30:59,-07:00,2026-04-23T15:30:59-07:00,4,0
global.js,41,js,afee4994,Felix Yu,2026-04-23,15:30:59,-07:00,2026-04-23T15:30:59-07:00,4,36
global.js,42,js,afee4994,Felix Yu,2026-04-23,15:30:59,-07:00,2026-04-23T15:30:59-07:00,2,0
global.js,43,js,0c3d4988,Felix Yu,2026-04-23,15:15:28,-07:00,2026-04-23T15:15:28-07:00,0,0
global.js,44,js,0c3d4988,Felix Yu,2026-04-23,15:15:28,-07:00,2026-04-23T15:15:28-07:00,0,0
global.js,45,js,03fbc975,Felix Yu,2026-04-23,15:39:20,-07:00,2026-04-23T15:39:20-07:00,0,47
global.js,46,js,03fbc975,Felix Yu,2026-04-23,15:39:20,-07:00,2026-04-23T15:39:20-07:00,2,59
global.js,47,js,03fbc975,Felix Yu,2026-04-23,15:39:20,-07:00,2026-04-23T15:39:20-07:00,0,0
global.js,48,js,03fbc975,Felix Yu,2026-04-23,15:39:20,-07:00,2026-04-23T15:39:20-07:00,0,0
global.js,49,js,d7f4d2b5,Felix Yu,2026-04-16,16:35:01,-07:00,2026-04-16T16:35:01-07:00,0,11
global.js,50,js,d7f4d2b5,Felix Yu,2026-04-16,16:35:01,-07:00,2026-04-16T16:35:01-07:00,1,25
global.js,51,js,d7f4d2b5,Felix Yu,2026-04-16,16:35:01,-07:00,2026-04-16T16:35:01-07:00,1,38
global.js,52,js,d7f4d2b5,Felix Yu,2026-04-16,16:35:01,-07:00,2026-04-16T16:35:01-07:00,1,36
global.js,53,js,d7f4d2b5,Felix Yu,2026-04-16,16:35:01,-07:00,2026-04-16T16:35:01-07:00,1,34
global.js,54,js,d7f4d2b5,Felix Yu,2026-04-16,16:35:01,-07:00,2026-04-16T16:35:01-07:00,1,56
global.js,55,js,d7f4d2b5,Felix Yu,2026-04-16,16:35:01,-07:00,2026-04-16T16:35:01-07:00,0,0
global.js,56,js,d7f4d2b5,Felix Yu,2026-04-16,16:35:01,-07:00,2026-04-16T16:35:01-07:00,0,0
global.js,57,js,d7f4d2b5,Felix Yu,2026-04-16,16:35:01,-07:00,2026-04-16T16:35:01-07:00,0,70
global.js,58,js,d7f4d2b5,Felix Yu,2026-04-16,16:35:01,-07:00,2026-04-16T16:35:01-07:00,0,88
global.js,59,js,d7f4d2b5,Felix Yu,2026-04-16,16:35:01,-07:00,2026-04-16T16:35:01-07:00,2,3
global.js,60,js,324a0efa,Felix Yu,2026-04-30,12:51:05,-07:00,2026-04-30T12:51:05-07:00,2,17
global.js,61,js,d7f4d2b5,Felix Yu,2026-04-16,16:35:01,-07:00,2026-04-16T16:35:01-07:00,0,0
global.js,62,js,d7f4d2b5,Felix Yu,2026-04-16,16:35:01,-07:00,2026-04-16T16:35:01-07:00,0,38
global.js,63,js,d7f4d2b5,Felix Yu,2026-04-16,16:35:01,-07:00,2026-04-16T16:35:01-07:00,0,25
global.js,64,js,d7f4d2b5,Felix Yu,2026-04-16,16:35:01,-07:00,2026-04-16T16:35:01-07:00,0,0
global.js,65,js,d7f4d2b5,Felix Yu,2026-04-16,16:35:01,-07:00,2026-04-16T16:35:01-07:00,0,20
global.js,66,js,1cf86f5f,Felix Yu,2026-04-17,10:57:46,-07:00,2026-04-17T10:57:46-07:00,2,14
global.js,67,js,1cf86f5f,Felix Yu,2026-04-17,10:57:46,-07:00,2026-04-17T10:57:46-07:00,2,18
global.js,68,js,1cf86f5f,Felix Yu,2026-04-17,10:57:46,-07:00,2026-04-17T10:57:46-07:00,2,52
global.js,69,js,d7f4d2b5,Felix Yu,2026-04-16,16:35:01,-07:00,2026-04-16T16:35:01-07:00,0,0
global.js,70,js,1cf86f5f,Felix Yu,2026-04-17,10:57:46,-07:00,2026-04-17T10:57:46-07:00,2,34
global.js,71,js,1cf86f5f,Felix Yu,2026-04-17,10:57:46,-07:00,2026-04-17T10:57:46-07:00,2,11
global.js,72,js,1cf86f5f,Felix Yu,2026-04-17,10:57:46,-07:00,2026-04-17T10:57:46-07:00,2,20
global.js,73,js,d7f4d2b5,Felix Yu,2026-04-16,16:35:01,-07:00,2026-04-16T16:35:01-07:00,0,0
global.js,74,js,1cf86f5f,Felix Yu,2026-04-17,10:57:46,-07:00,2026-04-17T10:57:46-07:00,2,17
global.js,75,js,1cf86f5f,Felix Yu,2026-04-17,10:57:46,-07:00,2026-04-17T10:57:46-07:00,4,8
global.js,76,js,1cf86f5f,Felix Yu,2026-04-17,10:57:46,-07:00,2026-04-17T10:57:46-07:00,4,58
global.js,77,js,1cf86f5f,Felix Yu,2026-04-17,10:57:46,-07:00,2026-04-17T10:57:46-07:00,2,0
global.js,78,js,d7f4d2b5,Felix Yu,2026-04-16,16:35:01,-07:00,2026-04-16T16:35:01-07:00,0,0
global.js,79,js,1cf86f5f,Felix Yu,2026-04-17,10:57:46,-07:00,2026-04-17T10:57:46-07:00,2,29
global.js,80,js,1cf86f5f,Felix Yu,2026-04-17,10:57:46,-07:00,2026-04-17T10:57:46-07:00,4,18
global.js,81,js,1cf86f5f,Felix Yu,2026-04-17,10:57:46,-07:00,2026-04-17T10:57:46-07:00,2,0
global.js,82,js,d7f4d2b5,Felix Yu,2026-04-16,16:35:01,-07:00,2026-04-16T16:35:01-07:00,0,0
global.js,83,js,1cf86f5f,Felix Yu,2026-04-17,10:57:46,-07:00,2026-04-17T10:57:46-07:00,2,12
global.js,84,js,1cf86f5f,Felix Yu,2026-04-17,10:57:46,-07:00,2026-04-17T10:57:46-07:00,0,0
global.js,85,js,d7f4d2b5,Felix Yu,2026-04-16,16:35:01,-07:00,2026-04-16T16:35:01-07:00,0,0
global.js,86,js,d7f4d2b5,Felix Yu,2026-04-16,16:35:01,-07:00,2026-04-16T16:35:01-07:00,0,31
global.js,87,js,1cf86f5f,Felix Yu,2026-04-17,10:57:46,-07:00,2026-04-17T10:57:46-07:00,2,11
global.js,88,js,1cf86f5f,Felix Yu,2026-04-17,10:57:46,-07:00,2026-04-17T10:57:46-07:00,2,0
global.js,89,js,1cf86f5f,Felix Yu,2026-04-17,10:57:46,-07:00,2026-04-17T10:57:46-07:00,2,26
global.js,90,js,1cf86f5f,Felix Yu,2026-04-17,10:57:46,-07:00,2026-04-17T10:57:46-07:00,4,4
global.js,91,js,1cf86f5f,Felix Yu,2026-04-17,10:57:46,-07:00,2026-04-17T10:57:46-07:00,4,24
global.js,92,js,1cf86f5f,Felix Yu,2026-04-17,10:57:46,-07:00,2026-04-17T10:57:46-07:00,6,43
global.js,93,js,1cf86f5f,Felix Yu,2026-04-17,10:57:46,-07:00,2026-04-17T10:57:46-07:00,6,34
global.js,94,js,1cf86f5f,Felix Yu,2026-04-17,10:57:46,-07:00,2026-04-17T10:57:46-07:00,6,32
global.js,95,js,1cf86f5f,Felix Yu,2026-04-17,10:57:46,-07:00,2026-04-17T10:57:46-07:00,4,7
global.js,96,js,1cf86f5f,Felix Yu,2026-04-17,10:57:46,-07:00,2026-04-17T10:57:46-07:00,2,7
global.js,97,js,d7f4d2b5,Felix Yu,2026-04-16,16:35:01,-07:00,2026-04-16T16:35:01-07:00,0,0
global.js,98,js,d7f4d2b5,Felix Yu,2026-04-16,16:35:01,-07:00,2026-04-16T16:35:01-07:00,0,0
global.js,99,js,d7f4d2b5,Felix Yu,2026-04-16,16:35:01,-07:00,2026-04-16T16:35:01-07:00,0,53
global.js,100,js,d7f4d2b5,Felix Yu,2026-04-16,16:35:01,-07:00,2026-04-16T16:35:01-07:00,0,0
global.js,101,js,d7f4d2b5,Felix Yu,2026-04-16,16:35:01,-07:00,2026-04-16T16:35:01-07:00,0,30
global.js,102,js,d7f4d2b5,Felix Yu,2026-04-16,16:35:01,-07:00,2026-04-16T16:35:01-07:00,2,64
global.js,103,js,d7f4d2b5,Felix Yu,2026-04-16,16:35:01,-07:00,2026-04-16T16:35:01-07:00,2,19
global.js,104,js,d7f4d2b5,Felix Yu,2026-04-16,16:35:01,-07:00,2026-04-16T16:35:01-07:00,2,31
global.js,105,js,d7f4d2b5,Felix Yu,2026-04-16,16:35:01,-07:00,2026-04-16T16:35:01-07:00,0,0
global.js,106,js,d7f4d2b5,Felix Yu,2026-04-16,16:35:01,-07:00,2026-04-16T16:35:01-07:00,0,0
global.js,107,js,d7f4d2b5,Felix Yu,2026-04-16,16:35:01,-07:00,2026-04-16T16:35:01-07:00,0,34
global.js,108,js,d7f4d2b5,Felix Yu,2026-04-16,16:35:01,-07:00,2026-04-16T16:35:01-07:00,2,39
global.js,109,js,d7f4d2b5,Felix Yu,2026-04-16,16:35:01,-07:00,2026-04-16T16:35:01-07:00,0,0
global.js,110,js,d7f4d2b5,Felix Yu,2026-04-16,16:35:01,-07:00,2026-04-16T16:35:01-07:00,0,0
global.js,111,js,d7f4d2b5,Felix Yu,2026-04-16,16:35:01,-07:00,2026-04-16T16:35:01-07:00,0,49
global.js,112,js,d7f4d2b5,Felix Yu,2026-04-16,16:35:01,-07:00,2026-04-16T16:35:01-07:00,2,33
global.js,113,js,d7f4d2b5,Felix Yu,2026-04-16,16:35:01,-07:00,2026-04-16T16:35:01-07:00,0,1
resume/styles.css,1,css,86e6babf,Felix Yu,2026-04-10,13:45:55,-07:00,2026-04-10T13:45:55-07:00,0,26
resume/styles.css,2,css,86e6babf,Felix Yu,2026-04-10,13:45:55,-07:00,2026-04-10T13:45:55-07:00,0,0
resume/styles.css,3,css,86e6babf,Felix Yu,2026-04-10,13:45:55,-07:00,2026-04-10T13:45:55-07:00,0,44
resume/styles.css,4,css,86e6babf,Felix Yu,2026-04-10,13:45:55,-07:00,2026-04-10T13:45:55-07:00,0,14
resume/styles.css,5,css,86e6babf,Felix Yu,2026-04-10,13:45:55,-07:00,2026-04-10T13:45:55-07:00,2,17
resume/styles.css,6,css,86e6babf,Felix Yu,2026-04-10,13:45:55,-07:00,2026-04-10T13:45:55-07:00,2,43
resume/styles.css,7,css,86e6babf,Felix Yu,2026-04-10,13:45:55,-07:00,2026-04-10T13:45:55-07:00,2,18
resume/styles.css,8,css,86e6babf,Felix Yu,2026-04-10,13:45:55,-07:00,2026-04-10T13:45:55-07:00,2,19
resume/styles.css,9,css,86e6babf,Felix Yu,2026-04-10,13:45:55,-07:00,2026-04-10T13:45:55-07:00,0,0
resume/styles.css,10,css,86e6babf,Felix Yu,2026-04-10,13:45:55,-07:00,2026-04-10T13:45:55-07:00,0,0
resume/styles.css,11,css,86e6babf,Felix Yu,2026-04-10,13:45:55,-07:00,2026-04-10T13:45:55-07:00,0,44
resume/styles.css,12,css,86e6babf,Felix Yu,2026-04-10,13:45:55,-07:00,2026-04-10T13:45:55-07:00,0,7
resume/styles.css,13,css,86e6babf,Felix Yu,2026-04-10,13:45:55,-07:00,2026-04-10T13:45:55-07:00,2,20
resume/styles.css,14,css,86e6babf,Felix Yu,2026-04-10,13:45:55,-07:00,2026-04-10T13:45:55-07:00,0,0
resume/styles.css,15,css,86e6babf,Felix Yu,2026-04-10,13:45:55,-07:00,2026-04-10T13:45:55-07:00,0,0
resume/styles.css,16,css,86e6babf,Felix Yu,2026-04-10,13:45:55,-07:00,2026-04-10T13:45:55-07:00,0,10
resume/styles.css,17,css,86e6babf,Felix Yu,2026-04-10,13:45:55,-07:00,2026-04-10T13:45:55-07:00,2,25
resume/styles.css,18,css,86e6babf,Felix Yu,2026-04-10,13:45:55,-07:00,2026-04-10T13:45:55-07:00,2,24
resume/styles.css,19,css,86e6babf,Felix Yu,2026-04-10,13:45:55,-07:00,2026-04-10T13:45:55-07:00,2,18
resume/styles.css,20,css,86e6babf,Felix Yu,2026-04-10,13:45:55,-07:00,2026-04-10T13:45:55-07:00,2,28
resume/styles.css,21,css,86e6babf,Felix Yu,2026-04-10,13:45:55,-07:00,2026-04-10T13:45:55-07:00,2,18
resume/styles.css,22,css,86e6babf,Felix Yu,2026-04-10,13:45:55,-07:00,2026-04-10T13:45:55-07:00,0,0
resume/styles.css,23,css,86e6babf,Felix Yu,2026-04-10,13:45:55,-07:00,2026-04-10T13:45:55-07:00,0,0
resume/styles.css,24,css,86e6babf,Felix Yu,2026-04-10,13:45:55,-07:00,2026-04-10T13:45:55-07:00,0,47
resume/styles.css,25,css,86e6babf,Felix Yu,2026-04-10,13:45:55,-07:00,2026-04-10T13:45:55-07:00,0,14
resume/styles.css,26,css,86e6babf,Felix Yu,2026-04-10,13:45:55,-07:00,2026-04-10T13:45:55-07:00,2,12
resume/styles.css,27,css,86e6babf,Felix Yu,2026-04-10,13:45:55,-07:00,2026-04-10T13:45:55-07:00,2,69
resume/styles.css,28,css,86e6babf,Felix Yu,2026-04-10,13:45:55,-07:00,2026-04-10T13:45:55-07:00,2,20
resume/styles.css,29,css,86e6babf,Felix Yu,2026-04-10,13:45:55,-07:00,2026-04-10T13:45:55-07:00,2,47
resume/styles.css,30,css,86e6babf,Felix Yu,2026-04-10,13:45:55,-07:00,2026-04-10T13:45:55-07:00,0,0
resume/styles.css,31,css,86e6babf,Felix Yu,2026-04-10,13:45:55,-07:00,2026-04-10T13:45:55-07:00,0,0
resume/styles.css,32,css,86e6babf,Felix Yu,2026-04-10,13:45:55,-07:00,2026-04-10T13:45:55-07:00,0,10
resume/styles.css,33,css,86e6babf,Felix Yu,2026-04-10,13:45:55,-07:00,2026-04-10T13:45:55-07:00,2,20
resume/styles.css,34,css,86e6babf,Felix Yu,2026-04-10,13:45:55,-07:00,2026-04-10T13:45:55-07:00,2,16
resume/styles.css,35,css,86e6babf,Felix Yu,2026-04-10,13:45:55,-07:00,2026-04-10T13:45:55-07:00,0,0
resume/styles.css,36,css,86e6babf,Felix Yu,2026-04-10,13:45:55,-07:00,2026-04-10T13:45:55-07:00,0,0
resume/styles.css,37,css,86e6babf,Felix Yu,2026-04-10,13:45:55,-07:00,2026-04-10T13:45:55-07:00,0,5
resume/styles.css,38,css,86e6babf,Felix Yu,2026-04-10,13:45:55,-07:00,2026-04-10T13:45:55-07:00,2,66
resume/styles.css,39,css,86e6babf,Felix Yu,2026-04-10,13:45:55,-07:00,2026-04-10T13:45:55-07:00,2,10
resume/styles.css,40,css,86e6babf,Felix Yu,2026-04-10,13:45:55,-07:00,2026-04-10T13:45:55-07:00,2,17
resume/styles.css,41,css,86e6babf,Felix Yu,2026-04-10,13:45:55,-07:00,2026-04-10T13:45:55-07:00,0,0
resume/styles.css,42,css,86e6babf,Felix Yu,2026-04-10,13:45:55,-07:00,2026-04-10T13:45:55-07:00,0,0
resume/styles.css,43,css,86e6babf,Felix Yu,2026-04-10,13:45:55,-07:00,2026-04-10T13:45:55-07:00,0,49
resume/styles.css,44,css,86e6babf,Felix Yu,2026-04-10,13:45:55,-07:00,2026-04-10T13:45:55-07:00,0,12
resume/styles.css,45,css,86e6babf,Felix Yu,2026-04-10,13:45:55,-07:00,2026-04-10T13:45:55-07:00,2,12
resume/styles.css,46,css,86e6babf,Felix Yu,2026-04-10,13:45:55,-07:00,2026-04-10T13:45:55-07:00,2,8
resume/styles.css,47,css,86e6babf,Felix Yu,2026-04-10,13:45:55,-07:00,2026-04-10T13:45:55-07:00,2,14
resume/styles.css,48,css,86e6babf,Felix Yu,2026-04-10,13:45:55,-07:00,2026-04-10T13:45:55-07:00,0,0
resume/styles.css,49,css,86e6babf,Felix Yu,2026-04-10,13:45:55,-07:00,2026-04-10T13:45:55-07:00,0,0
resume/styles.css,50,css,86e6babf,Felix Yu,2026-04-10,13:45:55,-07:00,2026-04-10T13:45:55-07:00,0,20
resume/styles.css,51,css,86e6babf,Felix Yu,2026-04-10,13:45:55,-07:00,2026-04-10T13:45:55-07:00,2,6
resume/styles.css,52,css,86e6babf,Felix Yu,2026-04-10,13:45:55,-07:00,2026-04-10T13:45:55-07:00,2,15
resume/styles.css,53,css,86e6babf,Felix Yu,2026-04-10,13:45:55,-07:00,2026-04-10T13:45:55-07:00,0,0
resume/index.html,1,html,9cb5d578,Felix Yu,2026-04-03,18:00:35,-07:00,2026-04-03T18:00:35-07:00,0,13
resume/index.html,2,html,9cb5d578,Felix Yu,2026-04-03,18:00:35,-07:00,2026-04-03T18:00:35-07:00,0,14
resume/index.html,3,html,9cb5d578,Felix Yu,2026-04-03,18:00:35,-07:00,2026-04-03T18:00:35-07:00,0,4
resume/index.html,4,html,9cb5d578,Felix Yu,2026-04-03,18:00:35,-07:00,2026-04-03T18:00:35-07:00,2,20
resume/index.html,5,html,b84dbd0c,Felix Yu,2026-04-10,13:45:40,-07:00,2026-04-10T13:45:40-07:00,2,68
resume/index.html,6,html,9cb5d578,Felix Yu,2026-04-03,18:00:35,-07:00,2026-04-03T18:00:35-07:00,2,29
resume/index.html,7,html,9cb5d578,Felix Yu,2026-04-03,18:00:35,-07:00,2026-04-03T18:00:35-07:00,2,42
resume/index.html,8,html,93be98f7,Felix Yu,2026-04-16,18:14:22,-07:00,2026-04-16T18:14:22-07:00,2,0
resume/index.html,9,html,93be98f7,Felix Yu,2026-04-16,18:14:22,-07:00,2026-04-16T18:14:22-07:00,2,48
resume/index.html,10,html,9cb5d578,Felix Yu,2026-04-03,18:00:35,-07:00,2026-04-03T18:00:35-07:00,0,5
resume/index.html,11,html,9cb5d578,Felix Yu,2026-04-03,18:00:35,-07:00,2026-04-03T18:00:35-07:00,0,4
resume/index.html,12,html,b84dbd0c,Felix Yu,2026-04-10,13:45:40,-07:00,2026-04-10T13:45:40-07:00,2,28
resume/index.html,13,html,9cb5d578,Felix Yu,2026-04-03,18:00:35,-07:00,2026-04-03T18:00:35-07:00,4,15
resume/index.html,14,html,b84dbd0c,Felix Yu,2026-04-10,13:45:40,-07:00,2026-04-10T13:45:40-07:00,4,38
resume/index.html,15,html,9cb5d578,Felix Yu,2026-04-03,18:00:35,-07:00,2026-04-03T18:00:35-07:00,2,7
resume/index.html,16,html,9cb5d578,Felix Yu,2026-04-03,18:00:35,-07:00,2026-04-03T18:00:35-07:00,0,0
resume/index.html,17,html,9cb5d578,Felix Yu,2026-04-03,18:00:35,-07:00,2026-04-03T18:00:35-07:00,2,22
resume/index.html,18,html,9cb5d578,Felix Yu,2026-04-03,18:00:35,-07:00,2026-04-03T18:00:35-07:00,4,16
resume/index.html,19,html,9cb5d578,Felix Yu,2026-04-03,18:00:35,-07:00,2026-04-03T18:00:35-07:00,4,7
resume/index.html,20,html,b84dbd0c,Felix Yu,2026-04-10,13:45:40,-07:00,2026-04-10T13:45:40-07:00,6,6
resume/index.html,21,html,b84dbd0c,Felix Yu,2026-04-10,13:45:40,-07:00,2026-04-10T13:45:40-07:00,8,42
resume/index.html,22,html,b84dbd0c,Felix Yu,2026-04-10,13:45:40,-07:00,2026-04-10T13:45:40-07:00,8,103
resume/index.html,23,html,b84dbd0c,Felix Yu,2026-04-10,13:45:40,-07:00,2026-04-10T13:45:40-07:00,6,7
resume/index.html,24,html,b84dbd0c,Felix Yu,2026-04-10,13:45:40,-07:00,2026-04-10T13:45:40-07:00,6,57
resume/index.html,25,html,9cb5d578,Felix Yu,2026-04-03,18:00:35,-07:00,2026-04-03T18:00:35-07:00,4,8
resume/index.html,26,html,9cb5d578,Felix Yu,2026-04-03,18:00:35,-07:00,2026-04-03T18:00:35-07:00,2,8
resume/index.html,27,html,9cb5d578,Felix Yu,2026-04-03,18:00:35,-07:00,2026-04-03T18:00:35-07:00,0,0
resume/index.html,28,html,9cb5d578,Felix Yu,2026-04-03,18:00:35,-07:00,2026-04-03T18:00:35-07:00,2,23
resume/index.html,29,html,b84dbd0c,Felix Yu,2026-04-10,13:45:40,-07:00,2026-04-10T13:45:40-07:00,4,17
resume/index.html,30,html,b84dbd0c,Felix Yu,2026-04-10,13:45:40,-07:00,2026-04-10T13:45:40-07:00,4,7
resume/index.html,31,html,b84dbd0c,Felix Yu,2026-04-10,13:45:40,-07:00,2026-04-10T13:45:40-07:00,6,6
resume/index.html,32,html,b84dbd0c,Felix Yu,2026-04-10,13:45:40,-07:00,2026-04-10T13:45:40-07:00,8,30
resume/index.html,33,html,b84dbd0c,Felix Yu,2026-04-10,13:45:40,-07:00,2026-04-10T13:45:40-07:00,8,43
resume/index.html,34,html,b84dbd0c,Felix Yu,2026-04-10,13:45:40,-07:00,2026-04-10T13:45:40-07:00,8,101
resume/index.html,35,html,b84dbd0c,Felix Yu,2026-04-10,13:45:40,-07:00,2026-04-10T13:45:40-07:00,6,7
resume/index.html,36,html,b84dbd0c,Felix Yu,2026-04-10,13:45:40,-07:00,2026-04-10T13:45:40-07:00,6,2
resume/index.html,37,html,b84dbd0c,Felix Yu,2026-04-10,13:45:40,-07:00,2026-04-10T13:45:40-07:00,8,87
resume/index.html,38,html,b84dbd0c,Felix Yu,2026-04-10,13:45:40,-07:00,2026-04-10T13:45:40-07:00,8,91
resume/index.html,39,html,b84dbd0c,Felix Yu,2026-04-10,13:45:40,-07:00,2026-04-10T13:45:40-07:00,6,3
resume/index.html,40,html,b84dbd0c,Felix Yu,2026-04-10,13:45:40,-07:00,2026-04-10T13:45:40-07:00,4,8
resume/index.html,41,html,9cb5d578,Felix Yu,2026-04-03,18:00:35,-07:00,2026-04-03T18:00:35-07:00,2,8
resume/index.html,42,html,9cb5d578,Felix Yu,2026-04-03,18:00:35,-07:00,2026-04-03T18:00:35-07:00,0,0
resume/index.html,43,html,9cb5d578,Felix Yu,2026-04-03,18:00:35,-07:00,2026-04-03T18:00:35-07:00,2,19
resume/index.html,44,html,b84dbd0c,Felix Yu,2026-04-10,13:45:40,-07:00,2026-04-10T13:45:40-07:00,4,23
resume/index.html,45,html,b84dbd0c,Felix Yu,2026-04-10,13:45:40,-07:00,2026-04-10T13:45:40-07:00,4,23
resume/index.html,46,html,b84dbd0c,Felix Yu,2026-04-10,13:45:40,-07:00,2026-04-10T13:45:40-07:00,6,7
resume/index.html,47,html,b84dbd0c,Felix Yu,2026-04-10,13:45:40,-07:00,2026-04-10T13:45:40-07:00,8,16
resume/index.html,48,html,b84dbd0c,Felix Yu,2026-04-10,13:45:40,-07:00,2026-04-10T13:45:40-07:00,8,37
resume/index.html,49,html,b84dbd0c,Felix Yu,2026-04-10,13:45:40,-07:00,2026-04-10T13:45:40-07:00,6,8
resume/index.html,50,html,b84dbd0c,Felix Yu,2026-04-10,13:45:40,-07:00,2026-04-10T13:45:40-07:00,6,7
resume/index.html,51,html,b84dbd0c,Felix Yu,2026-04-10,13:45:40,-07:00,2026-04-10T13:45:40-07:00,8,19
resume/index.html,52,html,b84dbd0c,Felix Yu,2026-04-10,13:45:40,-07:00,2026-04-10T13:45:40-07:00,8,63
resume/index.html,53,html,b84dbd0c,Felix Yu,2026-04-10,13:45:40,-07:00,2026-04-10T13:45:40-07:00,6,8
resume/index.html,54,html,b84dbd0c,Felix Yu,2026-04-10,13:45:40,-07:00,2026-04-10T13:45:40-07:00,4,4
resume/index.html,55,html,9cb5d578,Felix Yu,2026-04-03,18:00:35,-07:00,2026-04-03T18:00:35-07:00,2,8
resume/index.html,56,html,9cb5d578,Felix Yu,2026-04-03,18:00:35,-07:00,2026-04-03T18:00:35-07:00,0,5
resume/index.html,57,html,9cb5d578,Felix Yu,2026-04-03,18:00:35,-07:00,2026-04-03T18:00:35-07:00,0,5
projects/styles.css,1,css,1522d85f,Felix Yu,2026-04-10,13:41:02,-07:00,2026-04-10T13:41:02-07:00,0,9
projects/styles.css,2,css,1522d85f,Felix Yu,2026-04-10,13:41:02,-07:00,2026-04-10T13:41:02-07:00,2,12
projects/styles.css,3,css,1522d85f,Felix Yu,2026-04-10,13:41:02,-07:00,2026-04-10T13:41:02-07:00,2,58
projects/styles.css,4,css,1522d85f,Felix Yu,2026-04-10,13:41:02,-07:00,2026-04-10T13:41:02-07:00,2,7
projects/styles.css,5,css,3f1e2784,Felix Yu,2026-04-30,13:32:48,-07:00,2026-04-30T13:32:48-07:00,2,14
projects/styles.css,6,css,1522d85f,Felix Yu,2026-04-10,13:41:02,-07:00,2026-04-10T13:41:02-07:00,0,0
projects/styles.css,7,css,1522d85f,Felix Yu,2026-04-10,13:41:02,-07:00,2026-04-10T13:41:02-07:00,0,0
projects/styles.css,8,css,1522d85f,Felix Yu,2026-04-10,13:41:02,-07:00,2026-04-10T13:41:02-07:00,0,17
projects/styles.css,9,css,1522d85f,Felix Yu,2026-04-10,13:41:02,-07:00,2026-04-10T13:41:02-07:00,2,12
projects/styles.css,10,css,1522d85f,Felix Yu,2026-04-10,13:41:02,-07:00,2026-04-10T13:41:02-07:00,2,26
projects/styles.css,11,css,3f1e2784,Felix Yu,2026-04-30,13:32:48,-07:00,2026-04-30T13:32:48-07:00,2,15
projects/styles.css,12,css,3f1e2784,Felix Yu,2026-04-30,13:32:48,-07:00,2026-04-30T13:32:48-07:00,2,7
projects/styles.css,13,css,1522d85f,Felix Yu,2026-04-10,13:41:02,-07:00,2026-04-10T13:41:02-07:00,0,0
projects/styles.css,14,css,1522d85f,Felix Yu,2026-04-10,13:41:02,-07:00,2026-04-10T13:41:02-07:00,0,0
projects/styles.css,15,css,1522d85f,Felix Yu,2026-04-10,13:41:02,-07:00,2026-04-10T13:41:02-07:00,0,13
projects/styles.css,16,css,1522d85f,Felix Yu,2026-04-10,13:41:02,-07:00,2026-04-10T13:41:02-07:00,2,10
projects/styles.css,17,css,3f1e2784,Felix Yu,2026-04-30,13:32:48,-07:00,2026-04-30T13:32:48-07:00,2,19
projects/styles.css,18,css,3f1e2784,Felix Yu,2026-04-30,13:32:48,-07:00,2026-04-30T13:32:48-07:00,2,16
projects/styles.css,19,css,1522d85f,Felix Yu,2026-04-10,13:41:02,-07:00,2026-04-10T13:41:02-07:00,2,18
projects/styles.css,20,css,3f1e2784,Felix Yu,2026-04-30,13:32:48,-07:00,2026-04-30T13:32:48-07:00,2,17
projects/styles.css,21,css,1522d85f,Felix Yu,2026-04-10,13:41:02,-07:00,2026-04-10T13:41:02-07:00,0,0
projects/styles.css,22,css,1522d85f,Felix Yu,2026-04-10,13:41:02,-07:00,2026-04-10T13:41:02-07:00,0,0
projects/styles.css,23,css,1522d85f,Felix Yu,2026-04-10,13:41:02,-07:00,2026-04-10T13:41:02-07:00,0,12
projects/styles.css,24,css,1522d85f,Felix Yu,2026-04-10,13:41:02,-07:00,2026-04-10T13:41:02-07:00,2,8
projects/styles.css,25,css,1522d85f,Felix Yu,2026-04-10,13:41:02,-07:00,2026-04-10T13:41:02-07:00,2,16
projects/styles.css,26,css,1522d85f,Felix Yu,2026-04-10,13:41:02,-07:00,2026-04-10T13:41:02-07:00,0,0
projects/styles.css,27,css,860a19f0,Felix Yu,2026-04-30,12:50:08,-07:00,2026-04-30T12:50:08-07:00,0,0
projects/styles.css,28,css,3f1e2784,Felix Yu,2026-04-30,13:32:48,-07:00,2026-04-30T13:32:48-07:00,0,20
projects/styles.css,29,css,3f1e2784,Felix Yu,2026-04-30,13:32:48,-07:00,2026-04-30T13:32:48-07:00,2,12
projects/styles.css,30,css,3f1e2784,Felix Yu,2026-04-30,13:32:48,-07:00,2026-04-30T13:32:48-07:00,2,21
projects/styles.css,31,css,3f1e2784,Felix Yu,2026-04-30,13:32:48,-07:00,2026-04-30T13:32:48-07:00,2,9
projects/styles.css,32,css,860a19f0,Felix Yu,2026-04-30,12:50:08,-07:00,2026-04-30T12:50:08-07:00,0,0
projects/styles.css,33,css,860a19f0,Felix Yu,2026-04-30,12:50:08,-07:00,2026-04-30T12:50:08-07:00,0,0
projects/styles.css,34,css,3f1e2784,Felix Yu,2026-04-30,13:32:48,-07:00,2026-04-30T13:32:48-07:00,0,13
projects/styles.css,35,css,3f1e2784,Felix Yu,2026-04-30,13:32:48,-07:00,2026-04-30T13:32:48-07:00,2,43
projects/styles.css,36,css,3f1e2784,Felix Yu,2026-04-30,13:32:48,-07:00,2026-04-30T13:32:48-07:00,2,34
projects/styles.css,37,css,3f1e2784,Felix Yu,2026-04-30,13:32:48,-07:00,2026-04-30T13:32:48-07:00,2,17
projects/styles.css,38,css,3f1e2784,Felix Yu,2026-04-30,13:32:48,-07:00,2026-04-30T13:32:48-07:00,2,10
projects/styles.css,39,css,3f1e2784,Felix Yu,2026-04-30,13:32:48,-07:00,2026-04-30T13:32:48-07:00,2,15
projects/styles.css,40,css,860a19f0,Felix Yu,2026-04-30,12:50:08,-07:00,2026-04-30T12:50:08-07:00,0,0
projects/styles.css,41,css,2a833adc,Felix Yu,2026-04-30,13:19:48,-07:00,2026-04-30T13:19:48-07:00,0,0
projects/styles.css,42,css,2066dcdf,Felix Yu,2026-04-30,19:45:26,-07:00,2026-04-30T19:45:26-07:00,0,4
projects/styles.css,43,css,2066dcdf,Felix Yu,2026-04-30,19:45:26,-07:00,2026-04-30T19:45:26-07:00,1,16
projects/styles.css,44,css,2066dcdf,Felix Yu,2026-04-30,19:45:26,-07:00,2026-04-30T19:45:26-07:00,1,14
projects/styles.css,45,css,2066dcdf,Felix Yu,2026-04-30,19:45:26,-07:00,2026-04-30T19:45:26-07:00,0,0
projects/styles.css,46,css,2066dcdf,Felix Yu,2026-04-30,19:45:26,-07:00,2026-04-30T19:45:26-07:00,0,0
projects/styles.css,47,css,2066dcdf,Felix Yu,2026-04-30,19:45:26,-07:00,2026-04-30T19:45:26-07:00,0,35
projects/styles.css,48,css,2066dcdf,Felix Yu,2026-04-30,19:45:26,-07:00,2026-04-30T19:45:26-07:00,1,11
projects/styles.css,49,css,2066dcdf,Felix Yu,2026-04-30,19:45:26,-07:00,2026-04-30T19:45:26-07:00,0,0
projects/styles.css,50,css,2066dcdf,Felix Yu,2026-04-30,19:45:26,-07:00,2026-04-30T19:45:26-07:00,0,0
projects/styles.css,51,css,2066dcdf,Felix Yu,2026-04-30,19:45:26,-07:00,2026-04-30T19:45:26-07:00,0,25
projects/styles.css,52,css,2066dcdf,Felix Yu,2026-04-30,19:45:26,-07:00,2026-04-30T19:45:26-07:00,1,9
projects/styles.css,53,css,2066dcdf,Felix Yu,2026-04-30,19:45:26,-07:00,2026-04-30T19:45:26-07:00,0,0
projects/styles.css,54,css,2066dcdf,Felix Yu,2026-04-30,19:45:26,-07:00,2026-04-30T19:45:26-07:00,0,0
projects/styles.css,55,css,2066dcdf,Felix Yu,2026-04-30,19:45:26,-07:00,2026-04-30T19:45:26-07:00,0,9
projects/styles.css,56,css,2066dcdf,Felix Yu,2026-04-30,19:45:26,-07:00,2026-04-30T19:45:26-07:00,1,35
projects/styles.css,57,css,2066dcdf,Felix Yu,2026-04-30,19:45:26,-07:00,2026-04-30T19:45:26-07:00,0,0
projects/styles.css,58,css,2066dcdf,Felix Yu,2026-04-30,19:45:26,-07:00,2026-04-30T19:45:26-07:00,0,0
projects/styles.css,59,css,2066dcdf,Felix Yu,2026-04-30,19:45:26,-07:00,2026-04-30T19:45:26-07:00,0,18
projects/styles.css,60,css,2066dcdf,Felix Yu,2026-04-30,19:45:26,-07:00,2026-04-30T19:45:26-07:00,1,17
projects/styles.css,61,css,2a833adc,Felix Yu,2026-04-30,13:19:48,-07:00,2026-04-30T13:19:48-07:00,0,0
projects/styles.css,62,css,2066dcdf,Felix Yu,2026-04-30,19:45:26,-07:00,2026-04-30T19:45:26-07:00,0,17
projects/styles.css,63,css,2066dcdf,Felix Yu,2026-04-30,19:45:26,-07:00,2026-04-30T19:45:26-07:00,1,16
projects/styles.css,64,css,2066dcdf,Felix Yu,2026-04-30,19:45:26,-07:00,2026-04-30T19:45:26-07:00,2,11
projects/styles.css,65,css,2066dcdf,Felix Yu,2026-04-30,19:45:26,-07:00,2026-04-30T19:45:26-07:00,1,0
projects/styles.css,66,css,2066dcdf,Felix Yu,2026-04-30,19:45:26,-07:00,2026-04-30T19:45:26-07:00,0,0
projects/projects.js,1,js,f7cbd247,Felix Yu,2026-04-23,15:09:33,-07:00,2026-04-23T15:09:33-07:00,0,55
projects/projects.js,2,js,e452dc52,Felix Yu,2026-04-30,13:23:05,-07:00,2026-04-30T13:23:05-07:00,0,63
projects/projects.js,3,js,f7cbd247,Felix Yu,2026-04-23,15:09:33,-07:00,2026-04-23T15:09:33-07:00,0,0
projects/projects.js,4,js,2066dcdf,Felix Yu,2026-04-30,19:45:26,-07:00,2026-04-30T19:45:26-07:00,0,21
projects/projects.js,5,js,2066dcdf,Felix Yu,2026-04-30,19:45:26,-07:00,2026-04-30T19:45:26-07:00,0,0
projects/projects.js,6,js,d8e09d22,Felix Yu,2026-04-30,13:27:00,-07:00,2026-04-30T13:27:00-07:00,0,21
projects/projects.js,7,js,d8e09d22,Felix Yu,2026-04-30,13:27:00,-07:00,2026-04-30T13:27:00-07:00,2,55
projects/projects.js,8,js,d8e09d22,Felix Yu,2026-04-30,13:27:00,-07:00,2026-04-30T13:27:00-07:00,2,60
projects/projects.js,9,js,2066dcdf,Felix Yu,2026-04-30,19:45:26,-07:00,2026-04-30T19:45:26-07:00,2,55
projects/projects.js,10,js,2066dcdf,Felix Yu,2026-04-30,19:45:26,-07:00,2026-04-30T19:45:26-07:00,0,0
projects/projects.js,11,js,b0488a9c,Felix Yu,2026-04-30,13:40:09,-07:00,2026-04-30T13:40:09-07:00,2,48
projects/projects.js,12,js,2066dcdf,Felix Yu,2026-04-30,19:45:26,-07:00,2026-04-30T19:45:26-07:00,2,23
projects/projects.js,13,js,2066dcdf,Felix Yu,2026-04-30,19:45:26,-07:00,2026-04-30T19:45:26-07:00,0,0
projects/projects.js,14,js,2066dcdf,Felix Yu,2026-04-30,19:45:26,-07:00,2026-04-30T19:45:26-07:00,2,48
projects/projects.js,15,js,2066dcdf,Felix Yu,2026-04-30,19:45:26,-07:00,2026-04-30T19:45:26-07:00,4,43
projects/projects.js,16,js,2066dcdf,Felix Yu,2026-04-30,19:45:26,-07:00,2026-04-30T19:45:26-07:00,0,0
projects/projects.js,17,js,2066dcdf,Felix Yu,2026-04-30,19:45:26,-07:00,2026-04-30T19:45:26-07:00,4,51
projects/projects.js,18,js,2066dcdf,Felix Yu,2026-04-30,19:45:26,-07:00,2026-04-30T19:45:26-07:00,6,59
projects/projects.js,19,js,2066dcdf,Felix Yu,2026-04-30,19:45:26,-07:00,2026-04-30T19:45:26-07:00,6,28
projects/projects.js,20,js,2066dcdf,Felix Yu,2026-04-30,19:45:26,-07:00,2026-04-30T19:45:26-07:00,4,1
projects/projects.js,21,js,2066dcdf,Felix Yu,2026-04-30,19:45:26,-07:00,2026-04-30T19:45:26-07:00,0,0
projects/projects.js,22,js,2066dcdf,Felix Yu,2026-04-30,19:45:26,-07:00,2026-04-30T19:45:26-07:00,4,56
projects/projects.js,23,js,2066dcdf,Felix Yu,2026-04-30,19:45:26,-07:00,2026-04-30T19:45:26-07:00,4,31
projects/projects.js,24,js,2066dcdf,Felix Yu,2026-04-30,19:45:26,-07:00,2026-04-30T19:45:26-07:00,2,1
projects/projects.js,25,js,2066dcdf,Felix Yu,2026-04-30,19:45:26,-07:00,2026-04-30T19:45:26-07:00,0,0
projects/projects.js,26,js,2066dcdf,Felix Yu,2026-04-30,19:45:26,-07:00,2026-04-30T19:45:26-07:00,0,0
projects/projects.js,27,js,2066dcdf,Felix Yu,2026-04-30,19:45:26,-07:00,2026-04-30T19:45:26-07:00,0,38
projects/projects.js,28,js,2066dcdf,Felix Yu,2026-04-30,19:45:26,-07:00,2026-04-30T19:45:26-07:00,2,26
projects/projects.js,29,js,2066dcdf,Felix Yu,2026-04-30,19:45:26,-07:00,2026-04-30T19:45:26-07:00,4,12
projects/projects.js,30,js,2066dcdf,Felix Yu,2026-04-30,19:45:26,-07:00,2026-04-30T19:45:26-07:00,4,14
projects/projects.js,31,js,2066dcdf,Felix Yu,2026-04-30,19:45:26,-07:00,2026-04-30T19:45:26-07:00,4,11
projects/projects.js,32,js,2066dcdf,Felix Yu,2026-04-30,19:45:26,-07:00,2026-04-30T19:45:26-07:00,2,0
projects/projects.js,33,js,2066dcdf,Felix Yu,2026-04-30,19:45:26,-07:00,2026-04-30T19:45:26-07:00,0,0
projects/projects.js,34,js,2066dcdf,Felix Yu,2026-04-30,19:45:26,-07:00,2026-04-30T19:45:26-07:00,2,44
projects/projects.js,35,js,2066dcdf,Felix Yu,2026-04-30,19:45:26,-07:00,2026-04-30T19:45:26-07:00,4,35
projects/projects.js,36,js,2066dcdf,Felix Yu,2026-04-30,19:45:26,-07:00,2026-04-30T19:45:26-07:00,2,1
projects/projects.js,37,js,2066dcdf,Felix Yu,2026-04-30,19:45:26,-07:00,2026-04-30T19:45:26-07:00,0,0
projects/projects.js,38,js,2066dcdf,Felix Yu,2026-04-30,19:45:26,-07:00,2026-04-30T19:45:26-07:00,2,36
projects/projects.js,39,js,2066dcdf,Felix Yu,2026-04-30,19:45:26,-07:00,2026-04-30T19:45:26-07:00,2,29
projects/projects.js,40,js,2066dcdf,Felix Yu,2026-04-30,19:45:26,-07:00,2026-04-30T19:45:26-07:00,2,32
projects/projects.js,41,js,2066dcdf,Felix Yu,2026-04-30,19:45:26,-07:00,2026-04-30T19:45:26-07:00,2,29
projects/projects.js,42,js,f7cbd247,Felix Yu,2026-04-23,15:09:33,-07:00,2026-04-23T15:09:33-07:00,0,0
projects/projects.js,43,js,a368364e,Felix Yu,2026-04-30,14:29:05,-07:00,2026-04-30T14:29:05-07:00,2,47
projects/projects.js,44,js,f2e56c56,Felix Yu,2026-04-30,14:35:24,-07:00,2026-04-30T14:35:24-07:00,2,50
projects/projects.js,45,js,d8e09d22,Felix Yu,2026-04-30,13:27:00,-07:00,2026-04-30T13:27:00-07:00,2,33
projects/projects.js,46,js,2066dcdf,Felix Yu,2026-04-30,19:45:26,-07:00,2026-04-30T19:45:26-07:00,2,57
projects/projects.js,47,js,d8e09d22,Felix Yu,2026-04-30,13:27:00,-07:00,2026-04-30T13:27:00-07:00,0,0
projects/projects.js,48,js,2066dcdf,Felix Yu,2026-04-30,19:45:26,-07:00,2026-04-30T19:45:26-07:00,2,25
projects/projects.js,49,js,d8e09d22,Felix Yu,2026-04-30,13:27:00,-07:00,2026-04-30T13:27:00-07:00,4,16
projects/projects.js,50,js,2066dcdf,Felix Yu,2026-04-30,19:45:26,-07:00,2026-04-30T19:45:26-07:00,5,25
projects/projects.js,51,js,2066dcdf,Felix Yu,2026-04-30,19:45:26,-07:00,2026-04-30T19:45:26-07:00,5,22
projects/projects.js,52,js,2066dcdf,Felix Yu,2026-04-30,19:45:26,-07:00,2026-04-30T19:45:26-07:00,5,18
projects/projects.js,53,js,2066dcdf,Felix Yu,2026-04-30,19:45:26,-07:00,2026-04-30T19:45:26-07:00,7,43
projects/projects.js,54,js,2066dcdf,Felix Yu,2026-04-30,19:45:26,-07:00,2026-04-30T19:45:26-07:00,0,0
projects/projects.js,55,js,2066dcdf,Felix Yu,2026-04-30,19:45:26,-07:00,2026-04-30T19:45:26-07:00,7,19
projects/projects.js,56,js,2066dcdf,Felix Yu,2026-04-30,19:45:26,-07:00,2026-04-30T19:45:26-07:00,9,68
projects/projects.js,57,js,2066dcdf,Felix Yu,2026-04-30,19:45:26,-07:00,2026-04-30T19:45:26-07:00,0,0
projects/projects.js,58,js,2066dcdf,Felix Yu,2026-04-30,19:45:26,-07:00,2026-04-30T19:45:26-07:00,7,20
projects/projects.js,59,js,2066dcdf,Felix Yu,2026-04-30,19:45:26,-07:00,2026-04-30T19:45:26-07:00,10,91
projects/projects.js,60,js,2066dcdf,Felix Yu,2026-04-30,19:45:26,-07:00,2026-04-30T19:45:26-07:00,0,0
projects/projects.js,61,js,2066dcdf,Felix Yu,2026-04-30,19:45:26,-07:00,2026-04-30T19:45:26-07:00,7,60
projects/projects.js,62,js,2066dcdf,Felix Yu,2026-04-30,19:45:26,-07:00,2026-04-30T19:45:26-07:00,7,25
projects/projects.js,63,js,2066dcdf,Felix Yu,2026-04-30,19:45:26,-07:00,2026-04-30T19:45:26-07:00,9,53
projects/projects.js,64,js,2066dcdf,Felix Yu,2026-04-30,19:45:26,-07:00,2026-04-30T19:45:26-07:00,7,6
projects/projects.js,65,js,2066dcdf,Felix Yu,2026-04-30,19:45:26,-07:00,2026-04-30T19:45:26-07:00,9,43
projects/projects.js,66,js,2066dcdf,Felix Yu,2026-04-30,19:45:26,-07:00,2026-04-30T19:45:26-07:00,9,72
projects/projects.js,67,js,2066dcdf,Felix Yu,2026-04-30,19:45:26,-07:00,2026-04-30T19:45:26-07:00,9,56
projects/projects.js,68,js,2066dcdf,Felix Yu,2026-04-30,19:45:26,-07:00,2026-04-30T19:45:26-07:00,7,0
projects/projects.js,69,js,2066dcdf,Felix Yu,2026-04-30,19:45:26,-07:00,2026-04-30T19:45:26-07:00,5,1
projects/projects.js,70,js,d8e09d22,Felix Yu,2026-04-30,13:27:00,-07:00,2026-04-30T13:27:00-07:00,2,1
projects/projects.js,71,js,6c39b309,Felix Yu,2026-04-30,14:38:50,-07:00,2026-04-30T14:38:50-07:00,0,0
projects/projects.js,72,js,6c39b309,Felix Yu,2026-04-30,14:38:50,-07:00,2026-04-30T14:38:50-07:00,2,24
projects/projects.js,73,js,6c39b309,Felix Yu,2026-04-30,14:38:50,-07:00,2026-04-30T14:38:50-07:00,4,17
projects/projects.js,74,js,6c39b309,Felix Yu,2026-04-30,14:38:50,-07:00,2026-04-30T14:38:50-07:00,7,38
projects/projects.js,75,js,2066dcdf,Felix Yu,2026-04-30,19:45:26,-07:00,2026-04-30T19:45:26-07:00,7,27
projects/projects.js,76,js,6c39b309,Felix Yu,2026-04-30,14:38:50,-07:00,2026-04-30T14:38:50-07:00,7,69
projects/projects.js,77,js,2066dcdf,Felix Yu,2026-04-30,19:45:26,-07:00,2026-04-30T19:45:26-07:00,2,1
projects/projects.js,78,js,f7cbd247,Felix Yu,2026-04-23,15:09:33,-07:00,2026-04-23T15:09:33-07:00,0,0
projects/projects.js,79,js,f7cbd247,Felix Yu,2026-04-23,15:09:33,-07:00,2026-04-23T15:09:33-07:00,0,0
projects/projects.js,80,js,2066dcdf,Felix Yu,2026-04-30,19:45:26,-07:00,2026-04-30T19:45:26-07:00,0,5
projects/index.html,1,html,73e82ff0,Felix Yu,2026-04-10,13:40:40,-07:00,2026-04-10T13:40:40-07:00,0,13
projects/index.html,2,html,73e82ff0,Felix Yu,2026-04-10,13:40:40,-07:00,2026-04-10T13:40:40-07:00,0,14
projects/index.html,3,html,73e82ff0,Felix Yu,2026-04-10,13:40:40,-07:00,2026-04-10T13:40:40-07:00,0,4
projects/index.html,4,html,73e82ff0,Felix Yu,2026-04-10,13:40:40,-07:00,2026-04-10T13:40:40-07:00,2,20
projects/index.html,5,html,73e82ff0,Felix Yu,2026-04-10,13:40:40,-07:00,2026-04-10T13:40:40-07:00,2,68
projects/index.html,6,html,73e82ff0,Felix Yu,2026-04-10,13:40:40,-07:00,2026-04-10T13:40:40-07:00,2,31
projects/index.html,7,html,73e82ff0,Felix Yu,2026-04-10,13:40:40,-07:00,2026-04-10T13:40:40-07:00,2,42
projects/index.html,8,html,471d3f2a,Felix Yu,2026-04-16,18:15:06,-07:00,2026-04-16T18:15:06-07:00,2,0
projects/index.html,9,html,471d3f2a,Felix Yu,2026-04-16,18:15:06,-07:00,2026-04-16T18:15:06-07:00,2,48
projects/index.html,10,html,82678308,Felix Yu,2026-04-23,15:11:17,-07:00,2026-04-23T15:11:17-07:00,2,47
projects/index.html,11,html,73e82ff0,Felix Yu,2026-04-10,13:40:40,-07:00,2026-04-10T13:40:40-07:00,0,5
projects/index.html,12,html,73e82ff0,Felix Yu,2026-04-10,13:40:40,-07:00,2026-04-10T13:40:40-07:00,0,4
projects/index.html,13,html,ca8f9e9d,Felix Yu,2026-04-30,13:15:55,-07:00,2026-04-30T13:15:55-07:00,1,4
projects/index.html,14,html,ca8f9e9d,Felix Yu,2026-04-30,13:15:55,-07:00,2026-04-30T13:15:55-07:00,4,38
projects/index.html,15,html,ca8f9e9d,Felix Yu,2026-04-30,13:15:55,-07:00,2026-04-30T13:15:55-07:00,4,0
projects/index.html,16,html,f22e3dcf,Felix Yu,2026-04-30,14:41:56,-07:00,2026-04-30T14:41:56-07:00,4,21
projects/index.html,17,html,f22e3dcf,Felix Yu,2026-04-30,14:41:56,-07:00,2026-04-30T14:41:56-07:00,6,54
projects/index.html,18,html,f22e3dcf,Felix Yu,2026-04-30,14:41:56,-07:00,2026-04-30T14:41:56-07:00,6,22
projects/index.html,19,html,f22e3dcf,Felix Yu,2026-04-30,14:41:56,-07:00,2026-04-30T14:41:56-07:00,4,4
projects/index.html,20,html,ca8f9e9d,Felix Yu,2026-04-30,13:15:55,-07:00,2026-04-30T13:15:55-07:00,4,0
projects/index.html,21,html,2066dcdf,Felix Yu,2026-04-30,19:45:26,-07:00,2026-04-30T19:45:26-07:00,4,4
projects/index.html,22,html,2066dcdf,Felix Yu,2026-04-30,19:45:26,-07:00,2026-04-30T19:45:26-07:00,6,15
projects/index.html,23,html,2066dcdf,Felix Yu,2026-04-30,19:45:26,-07:00,2026-04-30T19:45:26-07:00,6,11
projects/index.html,24,html,2066dcdf,Felix Yu,2026-04-30,19:45:26,-07:00,2026-04-30T19:45:26-07:00,6,26
projects/index.html,25,html,2066dcdf,Felix Yu,2026-04-30,19:45:26,-07:00,2026-04-30T19:45:26-07:00,6,31
projects/index.html,26,html,2066dcdf,Felix Yu,2026-04-30,19:45:26,-07:00,2026-04-30T19:45:26-07:00,4,0
projects/index.html,27,html,2066dcdf,Felix Yu,2026-04-30,19:45:26,-07:00,2026-04-30T19:45:26-07:00,4,0
projects/index.html,28,html,ca8f9e9d,Felix Yu,2026-04-30,13:15:55,-07:00,2026-04-30T13:15:55-07:00,4,26
projects/index.html,29,html,ca8f9e9d,Felix Yu,2026-04-30,13:15:55,-07:00,2026-04-30T13:15:55-07:00,2,5
projects/index.html,30,html,73e82ff0,Felix Yu,2026-04-10,13:40:40,-07:00,2026-04-10T13:40:40-07:00,0,5
projects/index.html,31,html,73e82ff0,Felix Yu,2026-04-10,13:40:40,-07:00,2026-04-10T13:40:40-07:00,0,5
contact/styles.css,1,css,fbf64f8d,Felix Yu,2026-04-10,13:44:47,-07:00,2026-04-10T13:44:47-07:00,0,31
contact/styles.css,2,css,fbf64f8d,Felix Yu,2026-04-10,13:44:47,-07:00,2026-04-10T13:44:47-07:00,0,4
contact/styles.css,3,css,fbf64f8d,Felix Yu,2026-04-10,13:44:47,-07:00,2026-04-10T13:44:47-07:00,2,12
contact/styles.css,4,css,fbf64f8d,Felix Yu,2026-04-10,13:44:47,-07:00,2026-04-10T13:44:47-07:00,2,63
contact/styles.css,5,css,fbf64f8d,Felix Yu,2026-04-10,13:44:47,-07:00,2026-04-10T13:44:47-07:00,2,30
contact/styles.css,6,css,fbf64f8d,Felix Yu,2026-04-10,13:44:47,-07:00,2026-04-10T13:44:47-07:00,2,7
contact/styles.css,7,css,fbf64f8d,Felix Yu,2026-04-10,13:44:47,-07:00,2026-04-10T13:44:47-07:00,2,59
contact/styles.css,8,css,fbf64f8d,Felix Yu,2026-04-10,13:44:47,-07:00,2026-04-10T13:44:47-07:00,0,0
contact/styles.css,9,css,fbf64f8d,Felix Yu,2026-04-10,13:44:47,-07:00,2026-04-10T13:44:47-07:00,0,0
contact/styles.css,10,css,fbf64f8d,Felix Yu,2026-04-10,13:44:47,-07:00,2026-04-10T13:44:47-07:00,0,28
contact/styles.css,11,css,fbf64f8d,Felix Yu,2026-04-10,13:44:47,-07:00,2026-04-10T13:44:47-07:00,0,10
contact/styles.css,12,css,fbf64f8d,Felix Yu,2026-04-10,13:44:47,-07:00,2026-04-10T13:44:47-07:00,2,12
contact/styles.css,13,css,fbf64f8d,Felix Yu,2026-04-10,13:44:47,-07:00,2026-04-10T13:44:47-07:00,2,29
contact/styles.css,14,css,fbf64f8d,Felix Yu,2026-04-10,13:44:47,-07:00,2026-04-10T13:44:47-07:00,2,50
contact/styles.css,15,css,fbf64f8d,Felix Yu,2026-04-10,13:44:47,-07:00,2026-04-10T13:44:47-07:00,2,18
contact/styles.css,16,css,fbf64f8d,Felix Yu,2026-04-10,13:44:47,-07:00,2026-04-10T13:44:47-07:00,0,0
contact/styles.css,17,css,fbf64f8d,Felix Yu,2026-04-10,13:44:47,-07:00,2026-04-10T13:44:47-07:00,0,0
contact/styles.css,18,css,fbf64f8d,Felix Yu,2026-04-10,13:44:47,-07:00,2026-04-10T13:44:47-07:00,0,28
contact/styles.css,19,css,fbf64f8d,Felix Yu,2026-04-10,13:44:47,-07:00,2026-04-10T13:44:47-07:00,0,23
contact/styles.css,20,css,fbf64f8d,Felix Yu,2026-04-10,13:44:47,-07:00,2026-04-10T13:44:47-07:00,2,46
contact/styles.css,21,css,fbf64f8d,Felix Yu,2026-04-10,13:44:47,-07:00,2026-04-10T13:44:47-07:00,2,13
contact/styles.css,22,css,fbf64f8d,Felix Yu,2026-04-10,13:44:47,-07:00,2026-04-10T13:44:47-07:00,2,21
contact/styles.css,23,css,fbf64f8d,Felix Yu,2026-04-10,13:44:47,-07:00,2026-04-10T13:44:47-07:00,2,17
contact/styles.css,24,css,fbf64f8d,Felix Yu,2026-04-10,13:44:47,-07:00,2026-04-10T13:44:47-07:00,0,0
contact/styles.css,25,css,fbf64f8d,Felix Yu,2026-04-10,13:44:47,-07:00,2026-04-10T13:44:47-07:00,0,0
contact/styles.css,26,css,fbf64f8d,Felix Yu,2026-04-10,13:44:47,-07:00,2026-04-10T13:44:47-07:00,0,8
contact/styles.css,27,css,fbf64f8d,Felix Yu,2026-04-10,13:44:47,-07:00,2026-04-10T13:44:47-07:00,2,16
contact/styles.css,28,css,fbf64f8d,Felix Yu,2026-04-10,13:44:47,-07:00,2026-04-10T13:44:47-07:00,0,0
contact/styles.css,29,css,fbf64f8d,Felix Yu,2026-04-10,13:44:47,-07:00,2026-04-10T13:44:47-07:00,0,0
contact/styles.css,30,css,fbf64f8d,Felix Yu,2026-04-10,13:44:47,-07:00,2026-04-10T13:44:47-07:00,0,6
contact/styles.css,31,css,fbf64f8d,Felix Yu,2026-04-10,13:44:47,-07:00,2026-04-10T13:44:47-07:00,2,50
contact/styles.css,32,css,fbf64f8d,Felix Yu,2026-04-10,13:44:47,-07:00,2026-04-10T13:44:47-07:00,2,54
contact/styles.css,33,css,fbf64f8d,Felix Yu,2026-04-10,13:44:47,-07:00,2026-04-10T13:44:47-07:00,2,11
contact/styles.css,34,css,fbf64f8d,Felix Yu,2026-04-10,13:44:47,-07:00,2026-04-10T13:44:47-07:00,2,14
contact/styles.css,35,css,fbf64f8d,Felix Yu,2026-04-10,13:44:47,-07:00,2026-04-10T13:44:47-07:00,2,11
contact/styles.css,36,css,fbf64f8d,Felix Yu,2026-04-10,13:44:47,-07:00,2026-04-10T13:44:47-07:00,0,0
contact/styles.css,37,css,fbf64f8d,Felix Yu,2026-04-10,13:44:47,-07:00,2026-04-10T13:44:47-07:00,0,0
contact/styles.css,38,css,fbf64f8d,Felix Yu,2026-04-10,13:44:47,-07:00,2026-04-10T13:44:47-07:00,0,12
contact/styles.css,39,css,fbf64f8d,Felix Yu,2026-04-10,13:44:47,-07:00,2026-04-10T13:44:47-07:00,2,22
contact/styles.css,40,css,fbf64f8d,Felix Yu,2026-04-10,13:44:47,-07:00,2026-04-10T13:44:47-07:00,0,0
contact/index.html,1,html,34608a27,Felix Yu,2026-04-03,17:50:20,-07:00,2026-04-03T17:50:20-07:00,0,13
contact/index.html,2,html,34608a27,Felix Yu,2026-04-03,17:50:20,-07:00,2026-04-03T17:50:20-07:00,0,14
contact/index.html,3,html,34608a27,Felix Yu,2026-04-03,17:50:20,-07:00,2026-04-03T17:50:20-07:00,0,4
contact/index.html,4,html,34608a27,Felix Yu,2026-04-03,17:50:20,-07:00,2026-04-03T17:50:20-07:00,2,20
contact/index.html,5,html,34608a27,Felix Yu,2026-04-03,17:50:20,-07:00,2026-04-03T17:50:20-07:00,2,68
contact/index.html,6,html,34608a27,Felix Yu,2026-04-03,17:50:20,-07:00,2026-04-03T17:50:20-07:00,2,23
contact/index.html,7,html,650a560d,Felix Yu,2026-04-10,13:44:29,-07:00,2026-04-10T13:44:29-07:00,2,42
contact/index.html,8,html,7c5f7317,Felix Yu,2026-04-16,18:15:59,-07:00,2026-04-16T18:15:59-07:00,2,0
contact/index.html,9,html,7c5f7317,Felix Yu,2026-04-16,18:15:59,-07:00,2026-04-16T18:15:59-07:00,2,48
contact/index.html,10,html,34608a27,Felix Yu,2026-04-03,17:50:20,-07:00,2026-04-03T17:50:20-07:00,0,5
contact/index.html,11,html,34608a27,Felix Yu,2026-04-03,17:50:20,-07:00,2026-04-03T17:50:20-07:00,0,4
contact/index.html,12,html,1de69dfb,Felix Yu,2026-04-03,17:53:11,-07:00,2026-04-03T17:53:11-07:00,2,17
contact/index.html,13,html,650a560d,Felix Yu,2026-04-10,13:44:29,-07:00,2026-04-10T13:44:29-07:00,0,0
contact/index.html,14,html,7c5f7317,Felix Yu,2026-04-16,18:15:59,-07:00,2026-04-16T18:15:59-07:00,2,42
contact/index.html,15,html,1de69dfb,Felix Yu,2026-04-03,17:53:11,-07:00,2026-04-03T17:53:11-07:00,4,5
contact/index.html,16,html,1de69dfb,Felix Yu,2026-04-03,17:53:11,-07:00,2026-04-03T17:53:11-07:00,6,9
contact/index.html,17,html,1de69dfb,Felix Yu,2026-04-03,17:53:11,-07:00,2026-04-03T17:53:11-07:00,6,40
contact/index.html,18,html,1de69dfb,Felix Yu,2026-04-03,17:53:11,-07:00,2026-04-03T17:53:11-07:00,4,6
contact/index.html,19,html,1de69dfb,Felix Yu,2026-04-03,17:53:11,-07:00,2026-04-03T17:53:11-07:00,4,5
contact/index.html,20,html,1de69dfb,Felix Yu,2026-04-03,17:53:11,-07:00,2026-04-03T17:53:11-07:00,6,6
contact/index.html,21,html,1de69dfb,Felix Yu,2026-04-03,17:53:11,-07:00,2026-04-03T17:53:11-07:00,6,32
contact/index.html,22,html,1de69dfb,Felix Yu,2026-04-03,17:53:11,-07:00,2026-04-03T17:53:11-07:00,4,6
contact/index.html,23,html,1de69dfb,Felix Yu,2026-04-03,17:53:11,-07:00,2026-04-03T17:53:11-07:00,4,5
contact/index.html,24,html,1de69dfb,Felix Yu,2026-04-03,17:53:11,-07:00,2026-04-03T17:53:11-07:00,6,6
contact/index.html,25,html,1de69dfb,Felix Yu,2026-04-03,17:53:11,-07:00,2026-04-03T17:53:11-07:00,6,31
contact/index.html,26,html,1de69dfb,Felix Yu,2026-04-03,17:53:11,-07:00,2026-04-03T17:53:11-07:00,4,6
contact/index.html,27,html,1de69dfb,Felix Yu,2026-04-03,17:53:11,-07:00,2026-04-03T17:53:11-07:00,4,39
contact/index.html,28,html,1de69dfb,Felix Yu,2026-04-03,17:53:11,-07:00,2026-04-03T17:53:11-07:00,2,5
contact/index.html,29,html,34608a27,Felix Yu,2026-04-03,17:50:20,-07:00,2026-04-03T17:50:20-07:00,0,5
contact/index.html,30,html,34608a27,Felix Yu,2026-04-03,17:50:20,-07:00,2026-04-03T17:50:20-07:00,0,5
